Cprobe.accept_only.shard0of2	12	gfn-lm-tuning/gfn/bin/python diagnostics/run_ctg.py --model_path /mount/arbeitsdaten/studenten1/singhsk/thesis/thesis/gfn-lm-tuning/infill_subj_arithmetic/gpt2_large_sft_output --head /mount/arbeitsdaten/studenten1/singhsk/models/sentiment_constrained_ft_gpt2_large/sentiment_head.pt --proposal self --constraint_mech accept_only --target_label 1 --steps 200 --span_len 20 --samples_per_prompt 2 --topk 64 --temperature 1.0 --out_dir results/ctg/phase2 --coverage_every 10 --lin_check 20 --run_name Cprobe.accept_only --shard_idx 0 --num_shards 2
Cprobe.accept_only.shard1of2	12	gfn-lm-tuning/gfn/bin/python diagnostics/run_ctg.py --model_path /mount/arbeitsdaten/studenten1/singhsk/thesis/thesis/gfn-lm-tuning/infill_subj_arithmetic/gpt2_large_sft_output --head /mount/arbeitsdaten/studenten1/singhsk/models/sentiment_constrained_ft_gpt2_large/sentiment_head.pt --proposal self --constraint_mech accept_only --target_label 1 --steps 200 --span_len 20 --samples_per_prompt 2 --topk 64 --temperature 1.0 --out_dir results/ctg/phase2 --coverage_every 10 --lin_check 20 --run_name Cprobe.accept_only --shard_idx 1 --num_shards 2
Cprobe.rescore_k.shard0of2	20	gfn-lm-tuning/gfn/bin/python diagnostics/run_ctg.py --model_path /mount/arbeitsdaten/studenten1/singhsk/thesis/thesis/gfn-lm-tuning/infill_subj_arithmetic/gpt2_large_sft_output --head /mount/arbeitsdaten/studenten1/singhsk/models/sentiment_constrained_ft_gpt2_large/sentiment_head.pt --proposal self --constraint_mech rescore_k --target_label 1 --steps 200 --span_len 20 --samples_per_prompt 2 --topk 64 --temperature 1.0 --out_dir results/ctg/phase2 --coverage_every 10 --lin_check 20 --run_name Cprobe.rescore_k --shard_idx 0 --num_shards 2
Cprobe.rescore_k.shard1of2	20	gfn-lm-tuning/gfn/bin/python diagnostics/run_ctg.py --model_path /mount/arbeitsdaten/studenten1/singhsk/thesis/thesis/gfn-lm-tuning/infill_subj_arithmetic/gpt2_large_sft_output --head /mount/arbeitsdaten/studenten1/singhsk/models/sentiment_constrained_ft_gpt2_large/sentiment_head.pt --proposal self --constraint_mech rescore_k --target_label 1 --steps 200 --span_len 20 --samples_per_prompt 2 --topk 64 --temperature 1.0 --out_dir results/ctg/phase2 --coverage_every 10 --lin_check 20 --run_name Cprobe.rescore_k --shard_idx 1 --num_shards 2
Cprobe.grad_prop.shard0of2	12	gfn-lm-tuning/gfn/bin/python diagnostics/run_ctg.py --model_path /mount/arbeitsdaten/studenten1/singhsk/thesis/thesis/gfn-lm-tuning/infill_subj_arithmetic/gpt2_large_sft_output --head /mount/arbeitsdaten/studenten1/singhsk/models/sentiment_constrained_ft_gpt2_large/sentiment_head.pt --proposal self --constraint_mech grad_prop --target_label 1 --steps 200 --span_len 20 --samples_per_prompt 2 --topk 64 --temperature 1.0 --out_dir results/ctg/phase2 --coverage_every 10 --lin_check 20 --run_name Cprobe.grad_prop --shard_idx 0 --num_shards 2
Cprobe.grad_prop.shard1of2	12	gfn-lm-tuning/gfn/bin/python diagnostics/run_ctg.py --model_path /mount/arbeitsdaten/studenten1/singhsk/thesis/thesis/gfn-lm-tuning/infill_subj_arithmetic/gpt2_large_sft_output --head /mount/arbeitsdaten/studenten1/singhsk/models/sentiment_constrained_ft_gpt2_large/sentiment_head.pt --proposal self --constraint_mech grad_prop --target_label 1 --steps 200 --span_len 20 --samples_per_prompt 2 --topk 64 --temperature 1.0 --out_dir results/ctg/phase2 --coverage_every 10 --lin_check 20 --run_name Cprobe.grad_prop --shard_idx 1 --num_shards 2
Cprobe.both.shard0of2	20	gfn-lm-tuning/gfn/bin/python diagnostics/run_ctg.py --model_path /mount/arbeitsdaten/studenten1/singhsk/thesis/thesis/gfn-lm-tuning/infill_subj_arithmetic/gpt2_large_sft_output --head /mount/arbeitsdaten/studenten1/singhsk/models/sentiment_constrained_ft_gpt2_large/sentiment_head.pt --proposal self --constraint_mech both --target_label 1 --steps 200 --span_len 20 --samples_per_prompt 2 --topk 64 --temperature 1.0 --out_dir results/ctg/phase2 --coverage_every 10 --lin_check 20 --run_name Cprobe.both --shard_idx 0 --num_shards 2
Cprobe.both.shard1of2	20	gfn-lm-tuning/gfn/bin/python diagnostics/run_ctg.py --model_path /mount/arbeitsdaten/studenten1/singhsk/thesis/thesis/gfn-lm-tuning/infill_subj_arithmetic/gpt2_large_sft_output --head /mount/arbeitsdaten/studenten1/singhsk/models/sentiment_constrained_ft_gpt2_large/sentiment_head.pt --proposal self --constraint_mech both --target_label 1 --steps 200 --span_len 20 --samples_per_prompt 2 --topk 64 --temperature 1.0 --out_dir results/ctg/phase2 --coverage_every 10 --lin_check 20 --run_name Cprobe.both --shard_idx 1 --num_shards 2
Cprobe.mix_shortlist.shard0of2	12	gfn-lm-tuning/gfn/bin/python diagnostics/run_ctg.py --model_path /mount/arbeitsdaten/studenten1/singhsk/thesis/thesis/gfn-lm-tuning/infill_subj_arithmetic/gpt2_large_sft_output --head /mount/arbeitsdaten/studenten1/singhsk/models/sentiment_constrained_ft_gpt2_large/sentiment_head.pt --proposal self --constraint_mech mix_shortlist --target_label 1 --steps 200 --span_len 20 --samples_per_prompt 2 --topk 64 --temperature 1.0 --out_dir results/ctg/phase2 --coverage_every 10 --lin_check 20 --run_name Cprobe.mix_shortlist --shard_idx 0 --num_shards 2
Cprobe.mix_shortlist.shard1of2	12	gfn-lm-tuning/gfn/bin/python diagnostics/run_ctg.py --model_path /mount/arbeitsdaten/studenten1/singhsk/thesis/thesis/gfn-lm-tuning/infill_subj_arithmetic/gpt2_large_sft_output --head /mount/arbeitsdaten/studenten1/singhsk/models/sentiment_constrained_ft_gpt2_large/sentiment_head.pt --proposal self --constraint_mech mix_shortlist --target_label 1 --steps 200 --span_len 20 --samples_per_prompt 2 --topk 64 --temperature 1.0 --out_dir results/ctg/phase2 --coverage_every 10 --lin_check 20 --run_name Cprobe.mix_shortlist --shard_idx 1 --num_shards 2
Ccov.k16.shard0of2	12	gfn-lm-tuning/gfn/bin/python diagnostics/run_ctg.py --model_path /mount/arbeitsdaten/studenten1/singhsk/thesis/thesis/gfn-lm-tuning/infill_subj_arithmetic/gpt2_large_sft_output --head /mount/arbeitsdaten/studenten1/singhsk/models/sentiment_constrained_ft_gpt2_large/sentiment_head.pt --proposal self --constraint_mech accept_only --target_label 1 --steps 150 --span_len 20 --samples_per_prompt 2 --topk 16 --temperature 1.0 --out_dir results/ctg/phase2 --coverage_every 5 --lin_check 10 --run_name Ccov.k16 --shard_idx 0 --num_shards 2
Ccov.k16.shard1of2	12	gfn-lm-tuning/gfn/bin/python diagnostics/run_ctg.py --model_path /mount/arbeitsdaten/studenten1/singhsk/thesis/thesis/gfn-lm-tuning/infill_subj_arithmetic/gpt2_large_sft_output --head /mount/arbeitsdaten/studenten1/singhsk/models/sentiment_constrained_ft_gpt2_large/sentiment_head.pt --proposal self --constraint_mech accept_only --target_label 1 --steps 150 --span_len 20 --samples_per_prompt 2 --topk 16 --temperature 1.0 --out_dir results/ctg/phase2 --coverage_every 5 --lin_check 10 --run_name Ccov.k16 --shard_idx 1 --num_shards 2
Ccov.k64.shard0of2	12	gfn-lm-tuning/gfn/bin/python diagnostics/run_ctg.py --model_path /mount/arbeitsdaten/studenten1/singhsk/thesis/thesis/gfn-lm-tuning/infill_subj_arithmetic/gpt2_large_sft_output --head /mount/arbeitsdaten/studenten1/singhsk/models/sentiment_constrained_ft_gpt2_large/sentiment_head.pt --proposal self --constraint_mech accept_only --target_label 1 --steps 150 --span_len 20 --samples_per_prompt 2 --topk 64 --temperature 1.0 --out_dir results/ctg/phase2 --coverage_every 5 --lin_check 10 --run_name Ccov.k64 --shard_idx 0 --num_shards 2
Ccov.k64.shard1of2	12	gfn-lm-tuning/gfn/bin/python diagnostics/run_ctg.py --model_path /mount/arbeitsdaten/studenten1/singhsk/thesis/thesis/gfn-lm-tuning/infill_subj_arithmetic/gpt2_large_sft_output --head /mount/arbeitsdaten/studenten1/singhsk/models/sentiment_constrained_ft_gpt2_large/sentiment_head.pt --proposal self --constraint_mech accept_only --target_label 1 --steps 150 --span_len 20 --samples_per_prompt 2 --topk 64 --temperature 1.0 --out_dir results/ctg/phase2 --coverage_every 5 --lin_check 10 --run_name Ccov.k64 --shard_idx 1 --num_shards 2
Ccov.k256.shard0of2	12	gfn-lm-tuning/gfn/bin/python diagnostics/run_ctg.py --model_path /mount/arbeitsdaten/studenten1/singhsk/thesis/thesis/gfn-lm-tuning/infill_subj_arithmetic/gpt2_large_sft_output --head /mount/arbeitsdaten/studenten1/singhsk/models/sentiment_constrained_ft_gpt2_large/sentiment_head.pt --proposal self --constraint_mech accept_only --target_label 1 --steps 150 --span_len 20 --samples_per_prompt 2 --topk 256 --temperature 1.0 --out_dir results/ctg/phase2 --coverage_every 5 --lin_check 10 --run_name Ccov.k256 --shard_idx 0 --num_shards 2
Ccov.k256.shard1of2	12	gfn-lm-tuning/gfn/bin/python diagnostics/run_ctg.py --model_path /mount/arbeitsdaten/studenten1/singhsk/thesis/thesis/gfn-lm-tuning/infill_subj_arithmetic/gpt2_large_sft_output --head /mount/arbeitsdaten/studenten1/singhsk/models/sentiment_constrained_ft_gpt2_large/sentiment_head.pt --proposal self --constraint_mech accept_only --target_label 1 --steps 150 --span_len 20 --samples_per_prompt 2 --topk 256 --temperature 1.0 --out_dir results/ctg/phase2 --coverage_every 5 --lin_check 10 --run_name Ccov.k256 --shard_idx 1 --num_shards 2
D.mucola_faithful.g0.0.shard0of4	14	gfn-lm-tuning/gfn/bin/python diagnostics/run_mucola_faithful.py --model_path /mount/arbeitsdaten/studenten1/singhsk/thesis/thesis/gfn-lm-tuning/infill_subj_arithmetic/gpt2_large_sft_output --head /mount/arbeitsdaten/studenten1/singhsk/models/sentiment_constrained_ft_gpt2_large/sentiment_head.pt --variant mucola_faithful --target_label 1 --steps 300 --span_len 20 --samples_per_prompt 4 --cons_gain 0.0 --out_dir results/ctg/phase2 --run_name D.mucola_faithful.g0.0 --shard_idx 0 --num_shards 4
D.mucola_faithful.g0.0.shard1of4	14	gfn-lm-tuning/gfn/bin/python diagnostics/run_mucola_faithful.py --model_path /mount/arbeitsdaten/studenten1/singhsk/thesis/thesis/gfn-lm-tuning/infill_subj_arithmetic/gpt2_large_sft_output --head /mount/arbeitsdaten/studenten1/singhsk/models/sentiment_constrained_ft_gpt2_large/sentiment_head.pt --variant mucola_faithful --target_label 1 --steps 300 --span_len 20 --samples_per_prompt 4 --cons_gain 0.0 --out_dir results/ctg/phase2 --run_name D.mucola_faithful.g0.0 --shard_idx 1 --num_shards 4
D.mucola_faithful.g0.0.shard2of4	14	gfn-lm-tuning/gfn/bin/python diagnostics/run_mucola_faithful.py --model_path /mount/arbeitsdaten/studenten1/singhsk/thesis/thesis/gfn-lm-tuning/infill_subj_arithmetic/gpt2_large_sft_output --head /mount/arbeitsdaten/studenten1/singhsk/models/sentiment_constrained_ft_gpt2_large/sentiment_head.pt --variant mucola_faithful --target_label 1 --steps 300 --span_len 20 --samples_per_prompt 4 --cons_gain 0.0 --out_dir results/ctg/phase2 --run_name D.mucola_faithful.g0.0 --shard_idx 2 --num_shards 4
D.mucola_faithful.g0.0.shard3of4	14	gfn-lm-tuning/gfn/bin/python diagnostics/run_mucola_faithful.py --model_path /mount/arbeitsdaten/studenten1/singhsk/thesis/thesis/gfn-lm-tuning/infill_subj_arithmetic/gpt2_large_sft_output --head /mount/arbeitsdaten/studenten1/singhsk/models/sentiment_constrained_ft_gpt2_large/sentiment_head.pt --variant mucola_faithful --target_label 1 --steps 300 --span_len 20 --samples_per_prompt 4 --cons_gain 0.0 --out_dir results/ctg/phase2 --run_name D.mucola_faithful.g0.0 --shard_idx 3 --num_shards 4
D.mucola_faithful.g0.5.shard0of4	14	gfn-lm-tuning/gfn/bin/python diagnostics/run_mucola_faithful.py --model_path /mount/arbeitsdaten/studenten1/singhsk/thesis/thesis/gfn-lm-tuning/infill_subj_arithmetic/gpt2_large_sft_output --head /mount/arbeitsdaten/studenten1/singhsk/models/sentiment_constrained_ft_gpt2_large/sentiment_head.pt --variant mucola_faithful --target_label 1 --steps 300 --span_len 20 --samples_per_prompt 4 --cons_gain 0.5 --out_dir results/ctg/phase2 --run_name D.mucola_faithful.g0.5 --shard_idx 0 --num_shards 4
D.mucola_faithful.g0.5.shard1of4	14	gfn-lm-tuning/gfn/bin/python diagnostics/run_mucola_faithful.py --model_path /mount/arbeitsdaten/studenten1/singhsk/thesis/thesis/gfn-lm-tuning/infill_subj_arithmetic/gpt2_large_sft_output --head /mount/arbeitsdaten/studenten1/singhsk/models/sentiment_constrained_ft_gpt2_large/sentiment_head.pt --variant mucola_faithful --target_label 1 --steps 300 --span_len 20 --samples_per_prompt 4 --cons_gain 0.5 --out_dir results/ctg/phase2 --run_name D.mucola_faithful.g0.5 --shard_idx 1 --num_shards 4
D.mucola_faithful.g0.5.shard2of4	14	gfn-lm-tuning/gfn/bin/python diagnostics/run_mucola_faithful.py --model_path /mount/arbeitsdaten/studenten1/singhsk/thesis/thesis/gfn-lm-tuning/infill_subj_arithmetic/gpt2_large_sft_output --head /mount/arbeitsdaten/studenten1/singhsk/models/sentiment_constrained_ft_gpt2_large/sentiment_head.pt --variant mucola_faithful --target_label 1 --steps 300 --span_len 20 --samples_per_prompt 4 --cons_gain 0.5 --out_dir results/ctg/phase2 --run_name D.mucola_faithful.g0.5 --shard_idx 2 --num_shards 4
D.mucola_faithful.g0.5.shard3of4	14	gfn-lm-tuning/gfn/bin/python diagnostics/run_mucola_faithful.py --model_path /mount/arbeitsdaten/studenten1/singhsk/thesis/thesis/gfn-lm-tuning/infill_subj_arithmetic/gpt2_large_sft_output --head /mount/arbeitsdaten/studenten1/singhsk/models/sentiment_constrained_ft_gpt2_large/sentiment_head.pt --variant mucola_faithful --target_label 1 --steps 300 --span_len 20 --samples_per_prompt 4 --cons_gain 0.5 --out_dir results/ctg/phase2 --run_name D.mucola_faithful.g0.5 --shard_idx 3 --num_shards 4
D.mucola_faithful.g1.0.shard0of4	14	gfn-lm-tuning/gfn/bin/python diagnostics/run_mucola_faithful.py --model_path /mount/arbeitsdaten/studenten1/singhsk/thesis/thesis/gfn-lm-tuning/infill_subj_arithmetic/gpt2_large_sft_output --head /mount/arbeitsdaten/studenten1/singhsk/models/sentiment_constrained_ft_gpt2_large/sentiment_head.pt --variant mucola_faithful --target_label 1 --steps 300 --span_len 20 --samples_per_prompt 4 --cons_gain 1.0 --out_dir results/ctg/phase2 --run_name D.mucola_faithful.g1.0 --shard_idx 0 --num_shards 4
D.mucola_faithful.g1.0.shard1of4	14	gfn-lm-tuning/gfn/bin/python diagnostics/run_mucola_faithful.py --model_path /mount/arbeitsdaten/studenten1/singhsk/thesis/thesis/gfn-lm-tuning/infill_subj_arithmetic/gpt2_large_sft_output --head /mount/arbeitsdaten/studenten1/singhsk/models/sentiment_constrained_ft_gpt2_large/sentiment_head.pt --variant mucola_faithful --target_label 1 --steps 300 --span_len 20 --samples_per_prompt 4 --cons_gain 1.0 --out_dir results/ctg/phase2 --run_name D.mucola_faithful.g1.0 --shard_idx 1 --num_shards 4
D.mucola_faithful.g1.0.shard2of4	14	gfn-lm-tuning/gfn/bin/python diagnostics/run_mucola_faithful.py --model_path /mount/arbeitsdaten/studenten1/singhsk/thesis/thesis/gfn-lm-tuning/infill_subj_arithmetic/gpt2_large_sft_output --head /mount/arbeitsdaten/studenten1/singhsk/models/sentiment_constrained_ft_gpt2_large/sentiment_head.pt --variant mucola_faithful --target_label 1 --steps 300 --span_len 20 --samples_per_prompt 4 --cons_gain 1.0 --out_dir results/ctg/phase2 --run_name D.mucola_faithful.g1.0 --shard_idx 2 --num_shards 4
D.mucola_faithful.g1.0.shard3of4	14	gfn-lm-tuning/gfn/bin/python diagnostics/run_mucola_faithful.py --model_path /mount/arbeitsdaten/studenten1/singhsk/thesis/thesis/gfn-lm-tuning/infill_subj_arithmetic/gpt2_large_sft_output --head /mount/arbeitsdaten/studenten1/singhsk/models/sentiment_constrained_ft_gpt2_large/sentiment_head.pt --variant mucola_faithful --target_label 1 --steps 300 --span_len 20 --samples_per_prompt 4 --cons_gain 1.0 --out_dir results/ctg/phase2 --run_name D.mucola_faithful.g1.0 --shard_idx 3 --num_shards 4
D.mucola_faithful.g2.0.shard0of4	14	gfn-lm-tuning/gfn/bin/python diagnostics/run_mucola_faithful.py --model_path /mount/arbeitsdaten/studenten1/singhsk/thesis/thesis/gfn-lm-tuning/infill_subj_arithmetic/gpt2_large_sft_output --head /mount/arbeitsdaten/studenten1/singhsk/models/sentiment_constrained_ft_gpt2_large/sentiment_head.pt --variant mucola_faithful --target_label 1 --steps 300 --span_len 20 --samples_per_prompt 4 --cons_gain 2.0 --out_dir results/ctg/phase2 --run_name D.mucola_faithful.g2.0 --shard_idx 0 --num_shards 4
D.mucola_faithful.g2.0.shard1of4	14	gfn-lm-tuning/gfn/bin/python diagnostics/run_mucola_faithful.py --model_path /mount/arbeitsdaten/studenten1/singhsk/thesis/thesis/gfn-lm-tuning/infill_subj_arithmetic/gpt2_large_sft_output --head /mount/arbeitsdaten/studenten1/singhsk/models/sentiment_constrained_ft_gpt2_large/sentiment_head.pt --variant mucola_faithful --target_label 1 --steps 300 --span_len 20 --samples_per_prompt 4 --cons_gain 2.0 --out_dir results/ctg/phase2 --run_name D.mucola_faithful.g2.0 --shard_idx 1 --num_shards 4
D.mucola_faithful.g2.0.shard2of4	14	gfn-lm-tuning/gfn/bin/python diagnostics/run_mucola_faithful.py --model_path /mount/arbeitsdaten/studenten1/singhsk/thesis/thesis/gfn-lm-tuning/infill_subj_arithmetic/gpt2_large_sft_output --head /mount/arbeitsdaten/studenten1/singhsk/models/sentiment_constrained_ft_gpt2_large/sentiment_head.pt --variant mucola_faithful --target_label 1 --steps 300 --span_len 20 --samples_per_prompt 4 --cons_gain 2.0 --out_dir results/ctg/phase2 --run_name D.mucola_faithful.g2.0 --shard_idx 2 --num_shards 4
D.mucola_faithful.g2.0.shard3of4	14	gfn-lm-tuning/gfn/bin/python diagnostics/run_mucola_faithful.py --model_path /mount/arbeitsdaten/studenten1/singhsk/thesis/thesis/gfn-lm-tuning/infill_subj_arithmetic/gpt2_large_sft_output --head /mount/arbeitsdaten/studenten1/singhsk/models/sentiment_constrained_ft_gpt2_large/sentiment_head.pt --variant mucola_faithful --target_label 1 --steps 300 --span_len 20 --samples_per_prompt 4 --cons_gain 2.0 --out_dir results/ctg/phase2 --run_name D.mucola_faithful.g2.0 --shard_idx 3 --num_shards 4
D.mucola_faithful.g4.0.shard0of4	14	gfn-lm-tuning/gfn/bin/python diagnostics/run_mucola_faithful.py --model_path /mount/arbeitsdaten/studenten1/singhsk/thesis/thesis/gfn-lm-tuning/infill_subj_arithmetic/gpt2_large_sft_output --head /mount/arbeitsdaten/studenten1/singhsk/models/sentiment_constrained_ft_gpt2_large/sentiment_head.pt --variant mucola_faithful --target_label 1 --steps 300 --span_len 20 --samples_per_prompt 4 --cons_gain 4.0 --out_dir results/ctg/phase2 --run_name D.mucola_faithful.g4.0 --shard_idx 0 --num_shards 4
D.mucola_faithful.g4.0.shard1of4	14	gfn-lm-tuning/gfn/bin/python diagnostics/run_mucola_faithful.py --model_path /mount/arbeitsdaten/studenten1/singhsk/thesis/thesis/gfn-lm-tuning/infill_subj_arithmetic/gpt2_large_sft_output --head /mount/arbeitsdaten/studenten1/singhsk/models/sentiment_constrained_ft_gpt2_large/sentiment_head.pt --variant mucola_faithful --target_label 1 --steps 300 --span_len 20 --samples_per_prompt 4 --cons_gain 4.0 --out_dir results/ctg/phase2 --run_name D.mucola_faithful.g4.0 --shard_idx 1 --num_shards 4
D.mucola_faithful.g4.0.shard2of4	14	gfn-lm-tuning/gfn/bin/python diagnostics/run_mucola_faithful.py --model_path /mount/arbeitsdaten/studenten1/singhsk/thesis/thesis/gfn-lm-tuning/infill_subj_arithmetic/gpt2_large_sft_output --head /mount/arbeitsdaten/studenten1/singhsk/models/sentiment_constrained_ft_gpt2_large/sentiment_head.pt --variant mucola_faithful --target_label 1 --steps 300 --span_len 20 --samples_per_prompt 4 --cons_gain 4.0 --out_dir results/ctg/phase2 --run_name D.mucola_faithful.g4.0 --shard_idx 2 --num_shards 4
D.mucola_faithful.g4.0.shard3of4	14	gfn-lm-tuning/gfn/bin/python diagnostics/run_mucola_faithful.py --model_path /mount/arbeitsdaten/studenten1/singhsk/thesis/thesis/gfn-lm-tuning/infill_subj_arithmetic/gpt2_large_sft_output --head /mount/arbeitsdaten/studenten1/singhsk/models/sentiment_constrained_ft_gpt2_large/sentiment_head.pt --variant mucola_faithful --target_label 1 --steps 300 --span_len 20 --samples_per_prompt 4 --cons_gain 4.0 --out_dir results/ctg/phase2 --run_name D.mucola_faithful.g4.0 --shard_idx 3 --num_shards 4
D.mucola_faithful.g8.0.shard0of4	14	gfn-lm-tuning/gfn/bin/python diagnostics/run_mucola_faithful.py --model_path /mount/arbeitsdaten/studenten1/singhsk/thesis/thesis/gfn-lm-tuning/infill_subj_arithmetic/gpt2_large_sft_output --head /mount/arbeitsdaten/studenten1/singhsk/models/sentiment_constrained_ft_gpt2_large/sentiment_head.pt --variant mucola_faithful --target_label 1 --steps 300 --span_len 20 --samples_per_prompt 4 --cons_gain 8.0 --out_dir results/ctg/phase2 --run_name D.mucola_faithful.g8.0 --shard_idx 0 --num_shards 4
D.mucola_faithful.g8.0.shard1of4	14	gfn-lm-tuning/gfn/bin/python diagnostics/run_mucola_faithful.py --model_path /mount/arbeitsdaten/studenten1/singhsk/thesis/thesis/gfn-lm-tuning/infill_subj_arithmetic/gpt2_large_sft_output --head /mount/arbeitsdaten/studenten1/singhsk/models/sentiment_constrained_ft_gpt2_large/sentiment_head.pt --variant mucola_faithful --target_label 1 --steps 300 --span_len 20 --samples_per_prompt 4 --cons_gain 8.0 --out_dir results/ctg/phase2 --run_name D.mucola_faithful.g8.0 --shard_idx 1 --num_shards 4
D.mucola_faithful.g8.0.shard2of4	14	gfn-lm-tuning/gfn/bin/python diagnostics/run_mucola_faithful.py --model_path /mount/arbeitsdaten/studenten1/singhsk/thesis/thesis/gfn-lm-tuning/infill_subj_arithmetic/gpt2_large_sft_output --head /mount/arbeitsdaten/studenten1/singhsk/models/sentiment_constrained_ft_gpt2_large/sentiment_head.pt --variant mucola_faithful --target_label 1 --steps 300 --span_len 20 --samples_per_prompt 4 --cons_gain 8.0 --out_dir results/ctg/phase2 --run_name D.mucola_faithful.g8.0 --shard_idx 2 --num_shards 4
D.mucola_faithful.g8.0.shard3of4	14	gfn-lm-tuning/gfn/bin/python diagnostics/run_mucola_faithful.py --model_path /mount/arbeitsdaten/studenten1/singhsk/thesis/thesis/gfn-lm-tuning/infill_subj_arithmetic/gpt2_large_sft_output --head /mount/arbeitsdaten/studenten1/singhsk/models/sentiment_constrained_ft_gpt2_large/sentiment_head.pt --variant mucola_faithful --target_label 1 --steps 300 --span_len 20 --samples_per_prompt 4 --cons_gain 8.0 --out_dir results/ctg/phase2 --run_name D.mucola_faithful.g8.0 --shard_idx 3 --num_shards 4
D.cls_thesis.g0.0.shard0of4	14	gfn-lm-tuning/gfn/bin/python diagnostics/run_mucola_faithful.py --model_path /mount/arbeitsdaten/studenten1/singhsk/thesis/thesis/gfn-lm-tuning/infill_subj_arithmetic/gpt2_large_sft_output --head /mount/arbeitsdaten/studenten1/singhsk/models/sentiment_constrained_ft_gpt2_large/sentiment_head.pt --variant cls_thesis --target_label 1 --steps 300 --span_len 20 --samples_per_prompt 4 --cons_gain 0.0 --out_dir results/ctg/phase2 --run_name D.cls_thesis.g0.0 --shard_idx 0 --num_shards 4
D.cls_thesis.g0.0.shard1of4	14	gfn-lm-tuning/gfn/bin/python diagnostics/run_mucola_faithful.py --model_path /mount/arbeitsdaten/studenten1/singhsk/thesis/thesis/gfn-lm-tuning/infill_subj_arithmetic/gpt2_large_sft_output --head /mount/arbeitsdaten/studenten1/singhsk/models/sentiment_constrained_ft_gpt2_large/sentiment_head.pt --variant cls_thesis --target_label 1 --steps 300 --span_len 20 --samples_per_prompt 4 --cons_gain 0.0 --out_dir results/ctg/phase2 --run_name D.cls_thesis.g0.0 --shard_idx 1 --num_shards 4
D.cls_thesis.g0.0.shard2of4	14	gfn-lm-tuning/gfn/bin/python diagnostics/run_mucola_faithful.py --model_path /mount/arbeitsdaten/studenten1/singhsk/thesis/thesis/gfn-lm-tuning/infill_subj_arithmetic/gpt2_large_sft_output --head /mount/arbeitsdaten/studenten1/singhsk/models/sentiment_constrained_ft_gpt2_large/sentiment_head.pt --variant cls_thesis --target_label 1 --steps 300 --span_len 20 --samples_per_prompt 4 --cons_gain 0.0 --out_dir results/ctg/phase2 --run_name D.cls_thesis.g0.0 --shard_idx 2 --num_shards 4
D.cls_thesis.g0.0.shard3of4	14	gfn-lm-tuning/gfn/bin/python diagnostics/run_mucola_faithful.py --model_path /mount/arbeitsdaten/studenten1/singhsk/thesis/thesis/gfn-lm-tuning/infill_subj_arithmetic/gpt2_large_sft_output --head /mount/arbeitsdaten/studenten1/singhsk/models/sentiment_constrained_ft_gpt2_large/sentiment_head.pt --variant cls_thesis --target_label 1 --steps 300 --span_len 20 --samples_per_prompt 4 --cons_gain 0.0 --out_dir results/ctg/phase2 --run_name D.cls_thesis.g0.0 --shard_idx 3 --num_shards 4
D.cls_thesis.g0.5.shard0of4	14	gfn-lm-tuning/gfn/bin/python diagnostics/run_mucola_faithful.py --model_path /mount/arbeitsdaten/studenten1/singhsk/thesis/thesis/gfn-lm-tuning/infill_subj_arithmetic/gpt2_large_sft_output --head /mount/arbeitsdaten/studenten1/singhsk/models/sentiment_constrained_ft_gpt2_large/sentiment_head.pt --variant cls_thesis --target_label 1 --steps 300 --span_len 20 --samples_per_prompt 4 --cons_gain 0.5 --out_dir results/ctg/phase2 --run_name D.cls_thesis.g0.5 --shard_idx 0 --num_shards 4
D.cls_thesis.g0.5.shard1of4	14	gfn-lm-tuning/gfn/bin/python diagnostics/run_mucola_faithful.py --model_path /mount/arbeitsdaten/studenten1/singhsk/thesis/thesis/gfn-lm-tuning/infill_subj_arithmetic/gpt2_large_sft_output --head /mount/arbeitsdaten/studenten1/singhsk/models/sentiment_constrained_ft_gpt2_large/sentiment_head.pt --variant cls_thesis --target_label 1 --steps 300 --span_len 20 --samples_per_prompt 4 --cons_gain 0.5 --out_dir results/ctg/phase2 --run_name D.cls_thesis.g0.5 --shard_idx 1 --num_shards 4
D.cls_thesis.g0.5.shard2of4	14	gfn-lm-tuning/gfn/bin/python diagnostics/run_mucola_faithful.py --model_path /mount/arbeitsdaten/studenten1/singhsk/thesis/thesis/gfn-lm-tuning/infill_subj_arithmetic/gpt2_large_sft_output --head /mount/arbeitsdaten/studenten1/singhsk/models/sentiment_constrained_ft_gpt2_large/sentiment_head.pt --variant cls_thesis --target_label 1 --steps 300 --span_len 20 --samples_per_prompt 4 --cons_gain 0.5 --out_dir results/ctg/phase2 --run_name D.cls_thesis.g0.5 --shard_idx 2 --num_shards 4
D.cls_thesis.g0.5.shard3of4	14	gfn-lm-tuning/gfn/bin/python diagnostics/run_mucola_faithful.py --model_path /mount/arbeitsdaten/studenten1/singhsk/thesis/thesis/gfn-lm-tuning/infill_subj_arithmetic/gpt2_large_sft_output --head /mount/arbeitsdaten/studenten1/singhsk/models/sentiment_constrained_ft_gpt2_large/sentiment_head.pt --variant cls_thesis --target_label 1 --steps 300 --span_len 20 --samples_per_prompt 4 --cons_gain 0.5 --out_dir results/ctg/phase2 --run_name D.cls_thesis.g0.5 --shard_idx 3 --num_shards 4
D.cls_thesis.g1.0.shard0of4	14	gfn-lm-tuning/gfn/bin/python diagnostics/run_mucola_faithful.py --model_path /mount/arbeitsdaten/studenten1/singhsk/thesis/thesis/gfn-lm-tuning/infill_subj_arithmetic/gpt2_large_sft_output --head /mount/arbeitsdaten/studenten1/singhsk/models/sentiment_constrained_ft_gpt2_large/sentiment_head.pt --variant cls_thesis --target_label 1 --steps 300 --span_len 20 --samples_per_prompt 4 --cons_gain 1.0 --out_dir results/ctg/phase2 --run_name D.cls_thesis.g1.0 --shard_idx 0 --num_shards 4
D.cls_thesis.g1.0.shard1of4	14	gfn-lm-tuning/gfn/bin/python diagnostics/run_mucola_faithful.py --model_path /mount/arbeitsdaten/studenten1/singhsk/thesis/thesis/gfn-lm-tuning/infill_subj_arithmetic/gpt2_large_sft_output --head /mount/arbeitsdaten/studenten1/singhsk/models/sentiment_constrained_ft_gpt2_large/sentiment_head.pt --variant cls_thesis --target_label 1 --steps 300 --span_len 20 --samples_per_prompt 4 --cons_gain 1.0 --out_dir results/ctg/phase2 --run_name D.cls_thesis.g1.0 --shard_idx 1 --num_shards 4
D.cls_thesis.g1.0.shard2of4	14	gfn-lm-tuning/gfn/bin/python diagnostics/run_mucola_faithful.py --model_path /mount/arbeitsdaten/studenten1/singhsk/thesis/thesis/gfn-lm-tuning/infill_subj_arithmetic/gpt2_large_sft_output --head /mount/arbeitsdaten/studenten1/singhsk/models/sentiment_constrained_ft_gpt2_large/sentiment_head.pt --variant cls_thesis --target_label 1 --steps 300 --span_len 20 --samples_per_prompt 4 --cons_gain 1.0 --out_dir results/ctg/phase2 --run_name D.cls_thesis.g1.0 --shard_idx 2 --num_shards 4
D.cls_thesis.g1.0.shard3of4	14	gfn-lm-tuning/gfn/bin/python diagnostics/run_mucola_faithful.py --model_path /mount/arbeitsdaten/studenten1/singhsk/thesis/thesis/gfn-lm-tuning/infill_subj_arithmetic/gpt2_large_sft_output --head /mount/arbeitsdaten/studenten1/singhsk/models/sentiment_constrained_ft_gpt2_large/sentiment_head.pt --variant cls_thesis --target_label 1 --steps 300 --span_len 20 --samples_per_prompt 4 --cons_gain 1.0 --out_dir results/ctg/phase2 --run_name D.cls_thesis.g1.0 --shard_idx 3 --num_shards 4
D.cls_thesis.g2.0.shard0of4	14	gfn-lm-tuning/gfn/bin/python diagnostics/run_mucola_faithful.py --model_path /mount/arbeitsdaten/studenten1/singhsk/thesis/thesis/gfn-lm-tuning/infill_subj_arithmetic/gpt2_large_sft_output --head /mount/arbeitsdaten/studenten1/singhsk/models/sentiment_constrained_ft_gpt2_large/sentiment_head.pt --variant cls_thesis --target_label 1 --steps 300 --span_len 20 --samples_per_prompt 4 --cons_gain 2.0 --out_dir results/ctg/phase2 --run_name D.cls_thesis.g2.0 --shard_idx 0 --num_shards 4
D.cls_thesis.g2.0.shard1of4	14	gfn-lm-tuning/gfn/bin/python diagnostics/run_mucola_faithful.py --model_path /mount/arbeitsdaten/studenten1/singhsk/thesis/thesis/gfn-lm-tuning/infill_subj_arithmetic/gpt2_large_sft_output --head /mount/arbeitsdaten/studenten1/singhsk/models/sentiment_constrained_ft_gpt2_large/sentiment_head.pt --variant cls_thesis --target_label 1 --steps 300 --span_len 20 --samples_per_prompt 4 --cons_gain 2.0 --out_dir results/ctg/phase2 --run_name D.cls_thesis.g2.0 --shard_idx 1 --num_shards 4
D.cls_thesis.g2.0.shard2of4	14	gfn-lm-tuning/gfn/bin/python diagnostics/run_mucola_faithful.py --model_path /mount/arbeitsdaten/studenten1/singhsk/thesis/thesis/gfn-lm-tuning/infill_subj_arithmetic/gpt2_large_sft_output --head /mount/arbeitsdaten/studenten1/singhsk/models/sentiment_constrained_ft_gpt2_large/sentiment_head.pt --variant cls_thesis --target_label 1 --steps 300 --span_len 20 --samples_per_prompt 4 --cons_gain 2.0 --out_dir results/ctg/phase2 --run_name D.cls_thesis.g2.0 --shard_idx 2 --num_shards 4
D.cls_thesis.g2.0.shard3of4	14	gfn-lm-tuning/gfn/bin/python diagnostics/run_mucola_faithful.py --model_path /mount/arbeitsdaten/studenten1/singhsk/thesis/thesis/gfn-lm-tuning/infill_subj_arithmetic/gpt2_large_sft_output --head /mount/arbeitsdaten/studenten1/singhsk/models/sentiment_constrained_ft_gpt2_large/sentiment_head.pt --variant cls_thesis --target_label 1 --steps 300 --span_len 20 --samples_per_prompt 4 --cons_gain 2.0 --out_dir results/ctg/phase2 --run_name D.cls_thesis.g2.0 --shard_idx 3 --num_shards 4
D.cls_thesis.g4.0.shard0of4	14	gfn-lm-tuning/gfn/bin/python diagnostics/run_mucola_faithful.py --model_path /mount/arbeitsdaten/studenten1/singhsk/thesis/thesis/gfn-lm-tuning/infill_subj_arithmetic/gpt2_large_sft_output --head /mount/arbeitsdaten/studenten1/singhsk/models/sentiment_constrained_ft_gpt2_large/sentiment_head.pt --variant cls_thesis --target_label 1 --steps 300 --span_len 20 --samples_per_prompt 4 --cons_gain 4.0 --out_dir results/ctg/phase2 --run_name D.cls_thesis.g4.0 --shard_idx 0 --num_shards 4
D.cls_thesis.g4.0.shard1of4	14	gfn-lm-tuning/gfn/bin/python diagnostics/run_mucola_faithful.py --model_path /mount/arbeitsdaten/studenten1/singhsk/thesis/thesis/gfn-lm-tuning/infill_subj_arithmetic/gpt2_large_sft_output --head /mount/arbeitsdaten/studenten1/singhsk/models/sentiment_constrained_ft_gpt2_large/sentiment_head.pt --variant cls_thesis --target_label 1 --steps 300 --span_len 20 --samples_per_prompt 4 --cons_gain 4.0 --out_dir results/ctg/phase2 --run_name D.cls_thesis.g4.0 --shard_idx 1 --num_shards 4
D.cls_thesis.g4.0.shard2of4	14	gfn-lm-tuning/gfn/bin/python diagnostics/run_mucola_faithful.py --model_path /mount/arbeitsdaten/studenten1/singhsk/thesis/thesis/gfn-lm-tuning/infill_subj_arithmetic/gpt2_large_sft_output --head /mount/arbeitsdaten/studenten1/singhsk/models/sentiment_constrained_ft_gpt2_large/sentiment_head.pt --variant cls_thesis --target_label 1 --steps 300 --span_len 20 --samples_per_prompt 4 --cons_gain 4.0 --out_dir results/ctg/phase2 --run_name D.cls_thesis.g4.0 --shard_idx 2 --num_shards 4
D.cls_thesis.g4.0.shard3of4	14	gfn-lm-tuning/gfn/bin/python diagnostics/run_mucola_faithful.py --model_path /mount/arbeitsdaten/studenten1/singhsk/thesis/thesis/gfn-lm-tuning/infill_subj_arithmetic/gpt2_large_sft_output --head /mount/arbeitsdaten/studenten1/singhsk/models/sentiment_constrained_ft_gpt2_large/sentiment_head.pt --variant cls_thesis --target_label 1 --steps 300 --span_len 20 --samples_per_prompt 4 --cons_gain 4.0 --out_dir results/ctg/phase2 --run_name D.cls_thesis.g4.0 --shard_idx 3 --num_shards 4
D.cls_thesis.g8.0.shard0of4	14	gfn-lm-tuning/gfn/bin/python diagnostics/run_mucola_faithful.py --model_path /mount/arbeitsdaten/studenten1/singhsk/thesis/thesis/gfn-lm-tuning/infill_subj_arithmetic/gpt2_large_sft_output --head /mount/arbeitsdaten/studenten1/singhsk/models/sentiment_constrained_ft_gpt2_large/sentiment_head.pt --variant cls_thesis --target_label 1 --steps 300 --span_len 20 --samples_per_prompt 4 --cons_gain 8.0 --out_dir results/ctg/phase2 --run_name D.cls_thesis.g8.0 --shard_idx 0 --num_shards 4
D.cls_thesis.g8.0.shard1of4	14	gfn-lm-tuning/gfn/bin/python diagnostics/run_mucola_faithful.py --model_path /mount/arbeitsdaten/studenten1/singhsk/thesis/thesis/gfn-lm-tuning/infill_subj_arithmetic/gpt2_large_sft_output --head /mount/arbeitsdaten/studenten1/singhsk/models/sentiment_constrained_ft_gpt2_large/sentiment_head.pt --variant cls_thesis --target_label 1 --steps 300 --span_len 20 --samples_per_prompt 4 --cons_gain 8.0 --out_dir results/ctg/phase2 --run_name D.cls_thesis.g8.0 --shard_idx 1 --num_shards 4
D.cls_thesis.g8.0.shard2of4	14	gfn-lm-tuning/gfn/bin/python diagnostics/run_mucola_faithful.py --model_path /mount/arbeitsdaten/studenten1/singhsk/thesis/thesis/gfn-lm-tuning/infill_subj_arithmetic/gpt2_large_sft_output --head /mount/arbeitsdaten/studenten1/singhsk/models/sentiment_constrained_ft_gpt2_large/sentiment_head.pt --variant cls_thesis --target_label 1 --steps 300 --span_len 20 --samples_per_prompt 4 --cons_gain 8.0 --out_dir results/ctg/phase2 --run_name D.cls_thesis.g8.0 --shard_idx 2 --num_shards 4
D.cls_thesis.g8.0.shard3of4	14	gfn-lm-tuning/gfn/bin/python diagnostics/run_mucola_faithful.py --model_path /mount/arbeitsdaten/studenten1/singhsk/thesis/thesis/gfn-lm-tuning/infill_subj_arithmetic/gpt2_large_sft_output --head /mount/arbeitsdaten/studenten1/singhsk/models/sentiment_constrained_ft_gpt2_large/sentiment_head.pt --variant cls_thesis --target_label 1 --steps 300 --span_len 20 --samples_per_prompt 4 --cons_gain 8.0 --out_dir results/ctg/phase2 --run_name D.cls_thesis.g8.0 --shard_idx 3 --num_shards 4
D.ours.g0.0.shard0of4	12	gfn-lm-tuning/gfn/bin/python diagnostics/run_ctg.py --model_path /mount/arbeitsdaten/studenten1/singhsk/thesis/thesis/gfn-lm-tuning/infill_subj_arithmetic/gpt2_large_sft_output --head /mount/arbeitsdaten/studenten1/singhsk/models/sentiment_constrained_ft_gpt2_large/sentiment_head.pt --proposal self --constraint_mech accept_only --target_label 1 --steps 600 --span_len 20 --samples_per_prompt 4 --topk 64 --temperature 1.0 --out_dir results/ctg/phase2 --cons_gain 0.0 --coverage_every 50 --run_name D.ours.g0.0 --shard_idx 0 --num_shards 4
D.ours.g0.0.shard1of4	12	gfn-lm-tuning/gfn/bin/python diagnostics/run_ctg.py --model_path /mount/arbeitsdaten/studenten1/singhsk/thesis/thesis/gfn-lm-tuning/infill_subj_arithmetic/gpt2_large_sft_output --head /mount/arbeitsdaten/studenten1/singhsk/models/sentiment_constrained_ft_gpt2_large/sentiment_head.pt --proposal self --constraint_mech accept_only --target_label 1 --steps 600 --span_len 20 --samples_per_prompt 4 --topk 64 --temperature 1.0 --out_dir results/ctg/phase2 --cons_gain 0.0 --coverage_every 50 --run_name D.ours.g0.0 --shard_idx 1 --num_shards 4
D.ours.g0.0.shard2of4	12	gfn-lm-tuning/gfn/bin/python diagnostics/run_ctg.py --model_path /mount/arbeitsdaten/studenten1/singhsk/thesis/thesis/gfn-lm-tuning/infill_subj_arithmetic/gpt2_large_sft_output --head /mount/arbeitsdaten/studenten1/singhsk/models/sentiment_constrained_ft_gpt2_large/sentiment_head.pt --proposal self --constraint_mech accept_only --target_label 1 --steps 600 --span_len 20 --samples_per_prompt 4 --topk 64 --temperature 1.0 --out_dir results/ctg/phase2 --cons_gain 0.0 --coverage_every 50 --run_name D.ours.g0.0 --shard_idx 2 --num_shards 4
D.ours.g0.0.shard3of4	12	gfn-lm-tuning/gfn/bin/python diagnostics/run_ctg.py --model_path /mount/arbeitsdaten/studenten1/singhsk/thesis/thesis/gfn-lm-tuning/infill_subj_arithmetic/gpt2_large_sft_output --head /mount/arbeitsdaten/studenten1/singhsk/models/sentiment_constrained_ft_gpt2_large/sentiment_head.pt --proposal self --constraint_mech accept_only --target_label 1 --steps 600 --span_len 20 --samples_per_prompt 4 --topk 64 --temperature 1.0 --out_dir results/ctg/phase2 --cons_gain 0.0 --coverage_every 50 --run_name D.ours.g0.0 --shard_idx 3 --num_shards 4
D.ours.g0.5.shard0of4	12	gfn-lm-tuning/gfn/bin/python diagnostics/run_ctg.py --model_path /mount/arbeitsdaten/studenten1/singhsk/thesis/thesis/gfn-lm-tuning/infill_subj_arithmetic/gpt2_large_sft_output --head /mount/arbeitsdaten/studenten1/singhsk/models/sentiment_constrained_ft_gpt2_large/sentiment_head.pt --proposal self --constraint_mech accept_only --target_label 1 --steps 600 --span_len 20 --samples_per_prompt 4 --topk 64 --temperature 1.0 --out_dir results/ctg/phase2 --cons_gain 0.5 --coverage_every 50 --run_name D.ours.g0.5 --shard_idx 0 --num_shards 4
D.ours.g0.5.shard1of4	12	gfn-lm-tuning/gfn/bin/python diagnostics/run_ctg.py --model_path /mount/arbeitsdaten/studenten1/singhsk/thesis/thesis/gfn-lm-tuning/infill_subj_arithmetic/gpt2_large_sft_output --head /mount/arbeitsdaten/studenten1/singhsk/models/sentiment_constrained_ft_gpt2_large/sentiment_head.pt --proposal self --constraint_mech accept_only --target_label 1 --steps 600 --span_len 20 --samples_per_prompt 4 --topk 64 --temperature 1.0 --out_dir results/ctg/phase2 --cons_gain 0.5 --coverage_every 50 --run_name D.ours.g0.5 --shard_idx 1 --num_shards 4
D.ours.g0.5.shard2of4	12	gfn-lm-tuning/gfn/bin/python diagnostics/run_ctg.py --model_path /mount/arbeitsdaten/studenten1/singhsk/thesis/thesis/gfn-lm-tuning/infill_subj_arithmetic/gpt2_large_sft_output --head /mount/arbeitsdaten/studenten1/singhsk/models/sentiment_constrained_ft_gpt2_large/sentiment_head.pt --proposal self --constraint_mech accept_only --target_label 1 --steps 600 --span_len 20 --samples_per_prompt 4 --topk 64 --temperature 1.0 --out_dir results/ctg/phase2 --cons_gain 0.5 --coverage_every 50 --run_name D.ours.g0.5 --shard_idx 2 --num_shards 4
D.ours.g0.5.shard3of4	12	gfn-lm-tuning/gfn/bin/python diagnostics/run_ctg.py --model_path /mount/arbeitsdaten/studenten1/singhsk/thesis/thesis/gfn-lm-tuning/infill_subj_arithmetic/gpt2_large_sft_output --head /mount/arbeitsdaten/studenten1/singhsk/models/sentiment_constrained_ft_gpt2_large/sentiment_head.pt --proposal self --constraint_mech accept_only --target_label 1 --steps 600 --span_len 20 --samples_per_prompt 4 --topk 64 --temperature 1.0 --out_dir results/ctg/phase2 --cons_gain 0.5 --coverage_every 50 --run_name D.ours.g0.5 --shard_idx 3 --num_shards 4
D.ours.g1.0.shard0of4	12	gfn-lm-tuning/gfn/bin/python diagnostics/run_ctg.py --model_path /mount/arbeitsdaten/studenten1/singhsk/thesis/thesis/gfn-lm-tuning/infill_subj_arithmetic/gpt2_large_sft_output --head /mount/arbeitsdaten/studenten1/singhsk/models/sentiment_constrained_ft_gpt2_large/sentiment_head.pt --proposal self --constraint_mech accept_only --target_label 1 --steps 600 --span_len 20 --samples_per_prompt 4 --topk 64 --temperature 1.0 --out_dir results/ctg/phase2 --cons_gain 1.0 --coverage_every 50 --run_name D.ours.g1.0 --shard_idx 0 --num_shards 4
D.ours.g1.0.shard1of4	12	gfn-lm-tuning/gfn/bin/python diagnostics/run_ctg.py --model_path /mount/arbeitsdaten/studenten1/singhsk/thesis/thesis/gfn-lm-tuning/infill_subj_arithmetic/gpt2_large_sft_output --head /mount/arbeitsdaten/studenten1/singhsk/models/sentiment_constrained_ft_gpt2_large/sentiment_head.pt --proposal self --constraint_mech accept_only --target_label 1 --steps 600 --span_len 20 --samples_per_prompt 4 --topk 64 --temperature 1.0 --out_dir results/ctg/phase2 --cons_gain 1.0 --coverage_every 50 --run_name D.ours.g1.0 --shard_idx 1 --num_shards 4
D.ours.g1.0.shard2of4	12	gfn-lm-tuning/gfn/bin/python diagnostics/run_ctg.py --model_path /mount/arbeitsdaten/studenten1/singhsk/thesis/thesis/gfn-lm-tuning/infill_subj_arithmetic/gpt2_large_sft_output --head /mount/arbeitsdaten/studenten1/singhsk/models/sentiment_constrained_ft_gpt2_large/sentiment_head.pt --proposal self --constraint_mech accept_only --target_label 1 --steps 600 --span_len 20 --samples_per_prompt 4 --topk 64 --temperature 1.0 --out_dir results/ctg/phase2 --cons_gain 1.0 --coverage_every 50 --run_name D.ours.g1.0 --shard_idx 2 --num_shards 4
D.ours.g1.0.shard3of4	12	gfn-lm-tuning/gfn/bin/python diagnostics/run_ctg.py --model_path /mount/arbeitsdaten/studenten1/singhsk/thesis/thesis/gfn-lm-tuning/infill_subj_arithmetic/gpt2_large_sft_output --head /mount/arbeitsdaten/studenten1/singhsk/models/sentiment_constrained_ft_gpt2_large/sentiment_head.pt --proposal self --constraint_mech accept_only --target_label 1 --steps 600 --span_len 20 --samples_per_prompt 4 --topk 64 --temperature 1.0 --out_dir results/ctg/phase2 --cons_gain 1.0 --coverage_every 50 --run_name D.ours.g1.0 --shard_idx 3 --num_shards 4
D.ours.g2.0.shard0of4	12	gfn-lm-tuning/gfn/bin/python diagnostics/run_ctg.py --model_path /mount/arbeitsdaten/studenten1/singhsk/thesis/thesis/gfn-lm-tuning/infill_subj_arithmetic/gpt2_large_sft_output --head /mount/arbeitsdaten/studenten1/singhsk/models/sentiment_constrained_ft_gpt2_large/sentiment_head.pt --proposal self --constraint_mech accept_only --target_label 1 --steps 600 --span_len 20 --samples_per_prompt 4 --topk 64 --temperature 1.0 --out_dir results/ctg/phase2 --cons_gain 2.0 --coverage_every 50 --run_name D.ours.g2.0 --shard_idx 0 --num_shards 4
D.ours.g2.0.shard1of4	12	gfn-lm-tuning/gfn/bin/python diagnostics/run_ctg.py --model_path /mount/arbeitsdaten/studenten1/singhsk/thesis/thesis/gfn-lm-tuning/infill_subj_arithmetic/gpt2_large_sft_output --head /mount/arbeitsdaten/studenten1/singhsk/models/sentiment_constrained_ft_gpt2_large/sentiment_head.pt --proposal self --constraint_mech accept_only --target_label 1 --steps 600 --span_len 20 --samples_per_prompt 4 --topk 64 --temperature 1.0 --out_dir results/ctg/phase2 --cons_gain 2.0 --coverage_every 50 --run_name D.ours.g2.0 --shard_idx 1 --num_shards 4
D.ours.g2.0.shard2of4	12	gfn-lm-tuning/gfn/bin/python diagnostics/run_ctg.py --model_path /mount/arbeitsdaten/studenten1/singhsk/thesis/thesis/gfn-lm-tuning/infill_subj_arithmetic/gpt2_large_sft_output --head /mount/arbeitsdaten/studenten1/singhsk/models/sentiment_constrained_ft_gpt2_large/sentiment_head.pt --proposal self --constraint_mech accept_only --target_label 1 --steps 600 --span_len 20 --samples_per_prompt 4 --topk 64 --temperature 1.0 --out_dir results/ctg/phase2 --cons_gain 2.0 --coverage_every 50 --run_name D.ours.g2.0 --shard_idx 2 --num_shards 4
D.ours.g2.0.shard3of4	12	gfn-lm-tuning/gfn/bin/python diagnostics/run_ctg.py --model_path /mount/arbeitsdaten/studenten1/singhsk/thesis/thesis/gfn-lm-tuning/infill_subj_arithmetic/gpt2_large_sft_output --head /mount/arbeitsdaten/studenten1/singhsk/models/sentiment_constrained_ft_gpt2_large/sentiment_head.pt --proposal self --constraint_mech accept_only --target_label 1 --steps 600 --span_len 20 --samples_per_prompt 4 --topk 64 --temperature 1.0 --out_dir results/ctg/phase2 --cons_gain 2.0 --coverage_every 50 --run_name D.ours.g2.0 --shard_idx 3 --num_shards 4
D.ours.g4.0.shard0of4	12	gfn-lm-tuning/gfn/bin/python diagnostics/run_ctg.py --model_path /mount/arbeitsdaten/studenten1/singhsk/thesis/thesis/gfn-lm-tuning/infill_subj_arithmetic/gpt2_large_sft_output --head /mount/arbeitsdaten/studenten1/singhsk/models/sentiment_constrained_ft_gpt2_large/sentiment_head.pt --proposal self --constraint_mech accept_only --target_label 1 --steps 600 --span_len 20 --samples_per_prompt 4 --topk 64 --temperature 1.0 --out_dir results/ctg/phase2 --cons_gain 4.0 --coverage_every 50 --run_name D.ours.g4.0 --shard_idx 0 --num_shards 4
D.ours.g4.0.shard1of4	12	gfn-lm-tuning/gfn/bin/python diagnostics/run_ctg.py --model_path /mount/arbeitsdaten/studenten1/singhsk/thesis/thesis/gfn-lm-tuning/infill_subj_arithmetic/gpt2_large_sft_output --head /mount/arbeitsdaten/studenten1/singhsk/models/sentiment_constrained_ft_gpt2_large/sentiment_head.pt --proposal self --constraint_mech accept_only --target_label 1 --steps 600 --span_len 20 --samples_per_prompt 4 --topk 64 --temperature 1.0 --out_dir results/ctg/phase2 --cons_gain 4.0 --coverage_every 50 --run_name D.ours.g4.0 --shard_idx 1 --num_shards 4
D.ours.g4.0.shard2of4	12	gfn-lm-tuning/gfn/bin/python diagnostics/run_ctg.py --model_path /mount/arbeitsdaten/studenten1/singhsk/thesis/thesis/gfn-lm-tuning/infill_subj_arithmetic/gpt2_large_sft_output --head /mount/arbeitsdaten/studenten1/singhsk/models/sentiment_constrained_ft_gpt2_large/sentiment_head.pt --proposal self --constraint_mech accept_only --target_label 1 --steps 600 --span_len 20 --samples_per_prompt 4 --topk 64 --temperature 1.0 --out_dir results/ctg/phase2 --cons_gain 4.0 --coverage_every 50 --run_name D.ours.g4.0 --shard_idx 2 --num_shards 4
D.ours.g4.0.shard3of4	12	gfn-lm-tuning/gfn/bin/python diagnostics/run_ctg.py --model_path /mount/arbeitsdaten/studenten1/singhsk/thesis/thesis/gfn-lm-tuning/infill_subj_arithmetic/gpt2_large_sft_output --head /mount/arbeitsdaten/studenten1/singhsk/models/sentiment_constrained_ft_gpt2_large/sentiment_head.pt --proposal self --constraint_mech accept_only --target_label 1 --steps 600 --span_len 20 --samples_per_prompt 4 --topk 64 --temperature 1.0 --out_dir results/ctg/phase2 --cons_gain 4.0 --coverage_every 50 --run_name D.ours.g4.0 --shard_idx 3 --num_shards 4
D.ours.g8.0.shard0of4	12	gfn-lm-tuning/gfn/bin/python diagnostics/run_ctg.py --model_path /mount/arbeitsdaten/studenten1/singhsk/thesis/thesis/gfn-lm-tuning/infill_subj_arithmetic/gpt2_large_sft_output --head /mount/arbeitsdaten/studenten1/singhsk/models/sentiment_constrained_ft_gpt2_large/sentiment_head.pt --proposal self --constraint_mech accept_only --target_label 1 --steps 600 --span_len 20 --samples_per_prompt 4 --topk 64 --temperature 1.0 --out_dir results/ctg/phase2 --cons_gain 8.0 --coverage_every 50 --run_name D.ours.g8.0 --shard_idx 0 --num_shards 4
D.ours.g8.0.shard1of4	12	gfn-lm-tuning/gfn/bin/python diagnostics/run_ctg.py --model_path /mount/arbeitsdaten/studenten1/singhsk/thesis/thesis/gfn-lm-tuning/infill_subj_arithmetic/gpt2_large_sft_output --head /mount/arbeitsdaten/studenten1/singhsk/models/sentiment_constrained_ft_gpt2_large/sentiment_head.pt --proposal self --constraint_mech accept_only --target_label 1 --steps 600 --span_len 20 --samples_per_prompt 4 --topk 64 --temperature 1.0 --out_dir results/ctg/phase2 --cons_gain 8.0 --coverage_every 50 --run_name D.ours.g8.0 --shard_idx 1 --num_shards 4
D.ours.g8.0.shard2of4	12	gfn-lm-tuning/gfn/bin/python diagnostics/run_ctg.py --model_path /mount/arbeitsdaten/studenten1/singhsk/thesis/thesis/gfn-lm-tuning/infill_subj_arithmetic/gpt2_large_sft_output --head /mount/arbeitsdaten/studenten1/singhsk/models/sentiment_constrained_ft_gpt2_large/sentiment_head.pt --proposal self --constraint_mech accept_only --target_label 1 --steps 600 --span_len 20 --samples_per_prompt 4 --topk 64 --temperature 1.0 --out_dir results/ctg/phase2 --cons_gain 8.0 --coverage_every 50 --run_name D.ours.g8.0 --shard_idx 2 --num_shards 4
D.ours.g8.0.shard3of4	12	gfn-lm-tuning/gfn/bin/python diagnostics/run_ctg.py --model_path /mount/arbeitsdaten/studenten1/singhsk/thesis/thesis/gfn-lm-tuning/infill_subj_arithmetic/gpt2_large_sft_output --head /mount/arbeitsdaten/studenten1/singhsk/models/sentiment_constrained_ft_gpt2_large/sentiment_head.pt --proposal self --constraint_mech accept_only --target_label 1 --steps 600 --span_len 20 --samples_per_prompt 4 --topk 64 --temperature 1.0 --out_dir results/ctg/phase2 --cons_gain 8.0 --coverage_every 50 --run_name D.ours.g8.0 --shard_idx 3 --num_shards 4
Aq.self.shard0of4	12	gfn-lm-tuning/gfn/bin/python diagnostics/run_ctg.py --model_path /mount/arbeitsdaten/studenten1/singhsk/thesis/thesis/gfn-lm-tuning/infill_subj_arithmetic/gpt2_large_sft_output --head /mount/arbeitsdaten/studenten1/singhsk/models/sentiment_constrained_ft_gpt2_large/sentiment_head.pt --proposal self --constraint_mech accept_only --target_label 1 --steps 600 --span_len 20 --samples_per_prompt 4 --topk 64 --temperature 1.0 --out_dir results/ctg/phase2 --coverage_every 25 --run_name Aq.self --shard_idx 0 --num_shards 4
Aq.self.shard1of4	12	gfn-lm-tuning/gfn/bin/python diagnostics/run_ctg.py --model_path /mount/arbeitsdaten/studenten1/singhsk/thesis/thesis/gfn-lm-tuning/infill_subj_arithmetic/gpt2_large_sft_output --head /mount/arbeitsdaten/studenten1/singhsk/models/sentiment_constrained_ft_gpt2_large/sentiment_head.pt --proposal self --constraint_mech accept_only --target_label 1 --steps 600 --span_len 20 --samples_per_prompt 4 --topk 64 --temperature 1.0 --out_dir results/ctg/phase2 --coverage_every 25 --run_name Aq.self --shard_idx 1 --num_shards 4
Aq.self.shard2of4	12	gfn-lm-tuning/gfn/bin/python diagnostics/run_ctg.py --model_path /mount/arbeitsdaten/studenten1/singhsk/thesis/thesis/gfn-lm-tuning/infill_subj_arithmetic/gpt2_large_sft_output --head /mount/arbeitsdaten/studenten1/singhsk/models/sentiment_constrained_ft_gpt2_large/sentiment_head.pt --proposal self --constraint_mech accept_only --target_label 1 --steps 600 --span_len 20 --samples_per_prompt 4 --topk 64 --temperature 1.0 --out_dir results/ctg/phase2 --coverage_every 25 --run_name Aq.self --shard_idx 2 --num_shards 4
Aq.self.shard3of4	12	gfn-lm-tuning/gfn/bin/python diagnostics/run_ctg.py --model_path /mount/arbeitsdaten/studenten1/singhsk/thesis/thesis/gfn-lm-tuning/infill_subj_arithmetic/gpt2_large_sft_output --head /mount/arbeitsdaten/studenten1/singhsk/models/sentiment_constrained_ft_gpt2_large/sentiment_head.pt --proposal self --constraint_mech accept_only --target_label 1 --steps 600 --span_len 20 --samples_per_prompt 4 --topk 64 --temperature 1.0 --out_dir results/ctg/phase2 --coverage_every 25 --run_name Aq.self --shard_idx 3 --num_shards 4
Aq.onehot.shard0of8	14	gfn-lm-tuning/gfn/bin/python diagnostics/run_ctg.py --model_path /mount/arbeitsdaten/studenten1/singhsk/thesis/thesis/gfn-lm-tuning/infill_subj_arithmetic/gpt2_large_sft_output --head /mount/arbeitsdaten/studenten1/singhsk/models/sentiment_constrained_ft_gpt2_large/sentiment_head.pt --proposal onehot --constraint_mech accept_only --target_label 1 --steps 600 --span_len 20 --samples_per_prompt 4 --topk 64 --temperature 1.0 --out_dir results/ctg/phase2 --coverage_every 25 --run_name Aq.onehot --shard_idx 0 --num_shards 8
Aq.onehot.shard1of8	14	gfn-lm-tuning/gfn/bin/python diagnostics/run_ctg.py --model_path /mount/arbeitsdaten/studenten1/singhsk/thesis/thesis/gfn-lm-tuning/infill_subj_arithmetic/gpt2_large_sft_output --head /mount/arbeitsdaten/studenten1/singhsk/models/sentiment_constrained_ft_gpt2_large/sentiment_head.pt --proposal onehot --constraint_mech accept_only --target_label 1 --steps 600 --span_len 20 --samples_per_prompt 4 --topk 64 --temperature 1.0 --out_dir results/ctg/phase2 --coverage_every 25 --run_name Aq.onehot --shard_idx 1 --num_shards 8
Aq.onehot.shard2of8	14	gfn-lm-tuning/gfn/bin/python diagnostics/run_ctg.py --model_path /mount/arbeitsdaten/studenten1/singhsk/thesis/thesis/gfn-lm-tuning/infill_subj_arithmetic/gpt2_large_sft_output --head /mount/arbeitsdaten/studenten1/singhsk/models/sentiment_constrained_ft_gpt2_large/sentiment_head.pt --proposal onehot --constraint_mech accept_only --target_label 1 --steps 600 --span_len 20 --samples_per_prompt 4 --topk 64 --temperature 1.0 --out_dir results/ctg/phase2 --coverage_every 25 --run_name Aq.onehot --shard_idx 2 --num_shards 8
Aq.onehot.shard3of8	14	gfn-lm-tuning/gfn/bin/python diagnostics/run_ctg.py --model_path /mount/arbeitsdaten/studenten1/singhsk/thesis/thesis/gfn-lm-tuning/infill_subj_arithmetic/gpt2_large_sft_output --head /mount/arbeitsdaten/studenten1/singhsk/models/sentiment_constrained_ft_gpt2_large/sentiment_head.pt --proposal onehot --constraint_mech accept_only --target_label 1 --steps 600 --span_len 20 --samples_per_prompt 4 --topk 64 --temperature 1.0 --out_dir results/ctg/phase2 --coverage_every 25 --run_name Aq.onehot --shard_idx 3 --num_shards 8
Aq.onehot.shard4of8	14	gfn-lm-tuning/gfn/bin/python diagnostics/run_ctg.py --model_path /mount/arbeitsdaten/studenten1/singhsk/thesis/thesis/gfn-lm-tuning/infill_subj_arithmetic/gpt2_large_sft_output --head /mount/arbeitsdaten/studenten1/singhsk/models/sentiment_constrained_ft_gpt2_large/sentiment_head.pt --proposal onehot --constraint_mech accept_only --target_label 1 --steps 600 --span_len 20 --samples_per_prompt 4 --topk 64 --temperature 1.0 --out_dir results/ctg/phase2 --coverage_every 25 --run_name Aq.onehot --shard_idx 4 --num_shards 8
Aq.onehot.shard5of8	14	gfn-lm-tuning/gfn/bin/python diagnostics/run_ctg.py --model_path /mount/arbeitsdaten/studenten1/singhsk/thesis/thesis/gfn-lm-tuning/infill_subj_arithmetic/gpt2_large_sft_output --head /mount/arbeitsdaten/studenten1/singhsk/models/sentiment_constrained_ft_gpt2_large/sentiment_head.pt --proposal onehot --constraint_mech accept_only --target_label 1 --steps 600 --span_len 20 --samples_per_prompt 4 --topk 64 --temperature 1.0 --out_dir results/ctg/phase2 --coverage_every 25 --run_name Aq.onehot --shard_idx 5 --num_shards 8
Aq.onehot.shard6of8	14	gfn-lm-tuning/gfn/bin/python diagnostics/run_ctg.py --model_path /mount/arbeitsdaten/studenten1/singhsk/thesis/thesis/gfn-lm-tuning/infill_subj_arithmetic/gpt2_large_sft_output --head /mount/arbeitsdaten/studenten1/singhsk/models/sentiment_constrained_ft_gpt2_large/sentiment_head.pt --proposal onehot --constraint_mech accept_only --target_label 1 --steps 600 --span_len 20 --samples_per_prompt 4 --topk 64 --temperature 1.0 --out_dir results/ctg/phase2 --coverage_every 25 --run_name Aq.onehot --shard_idx 6 --num_shards 8
Aq.onehot.shard7of8	14	gfn-lm-tuning/gfn/bin/python diagnostics/run_ctg.py --model_path /mount/arbeitsdaten/studenten1/singhsk/thesis/thesis/gfn-lm-tuning/infill_subj_arithmetic/gpt2_large_sft_output --head /mount/arbeitsdaten/studenten1/singhsk/models/sentiment_constrained_ft_gpt2_large/sentiment_head.pt --proposal onehot --constraint_mech accept_only --target_label 1 --steps 600 --span_len 20 --samples_per_prompt 4 --topk 64 --temperature 1.0 --out_dir results/ctg/phase2 --coverage_every 25 --run_name Aq.onehot --shard_idx 7 --num_shards 8
Aq.exact_k.shard0of12	20	gfn-lm-tuning/gfn/bin/python diagnostics/run_ctg.py --model_path /mount/arbeitsdaten/studenten1/singhsk/thesis/thesis/gfn-lm-tuning/infill_subj_arithmetic/gpt2_large_sft_output --head /mount/arbeitsdaten/studenten1/singhsk/models/sentiment_constrained_ft_gpt2_large/sentiment_head.pt --proposal exact_k --constraint_mech accept_only --target_label 1 --steps 600 --span_len 20 --samples_per_prompt 4 --topk 64 --temperature 1.0 --out_dir results/ctg/phase2 --coverage_every 25 --run_name Aq.exact_k --shard_idx 0 --num_shards 12
Aq.exact_k.shard1of12	20	gfn-lm-tuning/gfn/bin/python diagnostics/run_ctg.py --model_path /mount/arbeitsdaten/studenten1/singhsk/thesis/thesis/gfn-lm-tuning/infill_subj_arithmetic/gpt2_large_sft_output --head /mount/arbeitsdaten/studenten1/singhsk/models/sentiment_constrained_ft_gpt2_large/sentiment_head.pt --proposal exact_k --constraint_mech accept_only --target_label 1 --steps 600 --span_len 20 --samples_per_prompt 4 --topk 64 --temperature 1.0 --out_dir results/ctg/phase2 --coverage_every 25 --run_name Aq.exact_k --shard_idx 1 --num_shards 12
Aq.exact_k.shard2of12	20	gfn-lm-tuning/gfn/bin/python diagnostics/run_ctg.py --model_path /mount/arbeitsdaten/studenten1/singhsk/thesis/thesis/gfn-lm-tuning/infill_subj_arithmetic/gpt2_large_sft_output --head /mount/arbeitsdaten/studenten1/singhsk/models/sentiment_constrained_ft_gpt2_large/sentiment_head.pt --proposal exact_k --constraint_mech accept_only --target_label 1 --steps 600 --span_len 20 --samples_per_prompt 4 --topk 64 --temperature 1.0 --out_dir results/ctg/phase2 --coverage_every 25 --run_name Aq.exact_k --shard_idx 2 --num_shards 12
Aq.exact_k.shard3of12	20	gfn-lm-tuning/gfn/bin/python diagnostics/run_ctg.py --model_path /mount/arbeitsdaten/studenten1/singhsk/thesis/thesis/gfn-lm-tuning/infill_subj_arithmetic/gpt2_large_sft_output --head /mount/arbeitsdaten/studenten1/singhsk/models/sentiment_constrained_ft_gpt2_large/sentiment_head.pt --proposal exact_k --constraint_mech accept_only --target_label 1 --steps 600 --span_len 20 --samples_per_prompt 4 --topk 64 --temperature 1.0 --out_dir results/ctg/phase2 --coverage_every 25 --run_name Aq.exact_k --shard_idx 3 --num_shards 12
Aq.exact_k.shard4of12	20	gfn-lm-tuning/gfn/bin/python diagnostics/run_ctg.py --model_path /mount/arbeitsdaten/studenten1/singhsk/thesis/thesis/gfn-lm-tuning/infill_subj_arithmetic/gpt2_large_sft_output --head /mount/arbeitsdaten/studenten1/singhsk/models/sentiment_constrained_ft_gpt2_large/sentiment_head.pt --proposal exact_k --constraint_mech accept_only --target_label 1 --steps 600 --span_len 20 --samples_per_prompt 4 --topk 64 --temperature 1.0 --out_dir results/ctg/phase2 --coverage_every 25 --run_name Aq.exact_k --shard_idx 4 --num_shards 12
Aq.exact_k.shard5of12	20	gfn-lm-tuning/gfn/bin/python diagnostics/run_ctg.py --model_path /mount/arbeitsdaten/studenten1/singhsk/thesis/thesis/gfn-lm-tuning/infill_subj_arithmetic/gpt2_large_sft_output --head /mount/arbeitsdaten/studenten1/singhsk/models/sentiment_constrained_ft_gpt2_large/sentiment_head.pt --proposal exact_k --constraint_mech accept_only --target_label 1 --steps 600 --span_len 20 --samples_per_prompt 4 --topk 64 --temperature 1.0 --out_dir results/ctg/phase2 --coverage_every 25 --run_name Aq.exact_k --shard_idx 5 --num_shards 12
Aq.exact_k.shard6of12	20	gfn-lm-tuning/gfn/bin/python diagnostics/run_ctg.py --model_path /mount/arbeitsdaten/studenten1/singhsk/thesis/thesis/gfn-lm-tuning/infill_subj_arithmetic/gpt2_large_sft_output --head /mount/arbeitsdaten/studenten1/singhsk/models/sentiment_constrained_ft_gpt2_large/sentiment_head.pt --proposal exact_k --constraint_mech accept_only --target_label 1 --steps 600 --span_len 20 --samples_per_prompt 4 --topk 64 --temperature 1.0 --out_dir results/ctg/phase2 --coverage_every 25 --run_name Aq.exact_k --shard_idx 6 --num_shards 12
Aq.exact_k.shard7of12	20	gfn-lm-tuning/gfn/bin/python diagnostics/run_ctg.py --model_path /mount/arbeitsdaten/studenten1/singhsk/thesis/thesis/gfn-lm-tuning/infill_subj_arithmetic/gpt2_large_sft_output --head /mount/arbeitsdaten/studenten1/singhsk/models/sentiment_constrained_ft_gpt2_large/sentiment_head.pt --proposal exact_k --constraint_mech accept_only --target_label 1 --steps 600 --span_len 20 --samples_per_prompt 4 --topk 64 --temperature 1.0 --out_dir results/ctg/phase2 --coverage_every 25 --run_name Aq.exact_k --shard_idx 7 --num_shards 12
Aq.exact_k.shard8of12	20	gfn-lm-tuning/gfn/bin/python diagnostics/run_ctg.py --model_path /mount/arbeitsdaten/studenten1/singhsk/thesis/thesis/gfn-lm-tuning/infill_subj_arithmetic/gpt2_large_sft_output --head /mount/arbeitsdaten/studenten1/singhsk/models/sentiment_constrained_ft_gpt2_large/sentiment_head.pt --proposal exact_k --constraint_mech accept_only --target_label 1 --steps 600 --span_len 20 --samples_per_prompt 4 --topk 64 --temperature 1.0 --out_dir results/ctg/phase2 --coverage_every 25 --run_name Aq.exact_k --shard_idx 8 --num_shards 12
Aq.exact_k.shard9of12	20	gfn-lm-tuning/gfn/bin/python diagnostics/run_ctg.py --model_path /mount/arbeitsdaten/studenten1/singhsk/thesis/thesis/gfn-lm-tuning/infill_subj_arithmetic/gpt2_large_sft_output --head /mount/arbeitsdaten/studenten1/singhsk/models/sentiment_constrained_ft_gpt2_large/sentiment_head.pt --proposal exact_k --constraint_mech accept_only --target_label 1 --steps 600 --span_len 20 --samples_per_prompt 4 --topk 64 --temperature 1.0 --out_dir results/ctg/phase2 --coverage_every 25 --run_name Aq.exact_k --shard_idx 9 --num_shards 12
Aq.exact_k.shard10of12	20	gfn-lm-tuning/gfn/bin/python diagnostics/run_ctg.py --model_path /mount/arbeitsdaten/studenten1/singhsk/thesis/thesis/gfn-lm-tuning/infill_subj_arithmetic/gpt2_large_sft_output --head /mount/arbeitsdaten/studenten1/singhsk/models/sentiment_constrained_ft_gpt2_large/sentiment_head.pt --proposal exact_k --constraint_mech accept_only --target_label 1 --steps 600 --span_len 20 --samples_per_prompt 4 --topk 64 --temperature 1.0 --out_dir results/ctg/phase2 --coverage_every 25 --run_name Aq.exact_k --shard_idx 10 --num_shards 12
Aq.exact_k.shard11of12	20	gfn-lm-tuning/gfn/bin/python diagnostics/run_ctg.py --model_path /mount/arbeitsdaten/studenten1/singhsk/thesis/thesis/gfn-lm-tuning/infill_subj_arithmetic/gpt2_large_sft_output --head /mount/arbeitsdaten/studenten1/singhsk/models/sentiment_constrained_ft_gpt2_large/sentiment_head.pt --proposal exact_k --constraint_mech accept_only --target_label 1 --steps 600 --span_len 20 --samples_per_prompt 4 --topk 64 --temperature 1.0 --out_dir results/ctg/phase2 --coverage_every 25 --run_name Aq.exact_k --shard_idx 11 --num_shards 12
Aq.embgrad.shard0of8	14	gfn-lm-tuning/gfn/bin/python diagnostics/run_ctg.py --model_path /mount/arbeitsdaten/studenten1/singhsk/thesis/thesis/gfn-lm-tuning/infill_subj_arithmetic/gpt2_large_sft_output --head /mount/arbeitsdaten/studenten1/singhsk/models/sentiment_constrained_ft_gpt2_large/sentiment_head.pt --proposal embgrad --constraint_mech accept_only --target_label 1 --steps 600 --span_len 20 --samples_per_prompt 4 --topk 64 --temperature 1.0 --out_dir results/ctg/phase2 --coverage_every 25 --run_name Aq.embgrad --shard_idx 0 --num_shards 8
Aq.embgrad.shard1of8	14	gfn-lm-tuning/gfn/bin/python diagnostics/run_ctg.py --model_path /mount/arbeitsdaten/studenten1/singhsk/thesis/thesis/gfn-lm-tuning/infill_subj_arithmetic/gpt2_large_sft_output --head /mount/arbeitsdaten/studenten1/singhsk/models/sentiment_constrained_ft_gpt2_large/sentiment_head.pt --proposal embgrad --constraint_mech accept_only --target_label 1 --steps 600 --span_len 20 --samples_per_prompt 4 --topk 64 --temperature 1.0 --out_dir results/ctg/phase2 --coverage_every 25 --run_name Aq.embgrad --shard_idx 1 --num_shards 8
Aq.embgrad.shard2of8	14	gfn-lm-tuning/gfn/bin/python diagnostics/run_ctg.py --model_path /mount/arbeitsdaten/studenten1/singhsk/thesis/thesis/gfn-lm-tuning/infill_subj_arithmetic/gpt2_large_sft_output --head /mount/arbeitsdaten/studenten1/singhsk/models/sentiment_constrained_ft_gpt2_large/sentiment_head.pt --proposal embgrad --constraint_mech accept_only --target_label 1 --steps 600 --span_len 20 --samples_per_prompt 4 --topk 64 --temperature 1.0 --out_dir results/ctg/phase2 --coverage_every 25 --run_name Aq.embgrad --shard_idx 2 --num_shards 8
Aq.embgrad.shard3of8	14	gfn-lm-tuning/gfn/bin/python diagnostics/run_ctg.py --model_path /mount/arbeitsdaten/studenten1/singhsk/thesis/thesis/gfn-lm-tuning/infill_subj_arithmetic/gpt2_large_sft_output --head /mount/arbeitsdaten/studenten1/singhsk/models/sentiment_constrained_ft_gpt2_large/sentiment_head.pt --proposal embgrad --constraint_mech accept_only --target_label 1 --steps 600 --span_len 20 --samples_per_prompt 4 --topk 64 --temperature 1.0 --out_dir results/ctg/phase2 --coverage_every 25 --run_name Aq.embgrad --shard_idx 3 --num_shards 8
Aq.embgrad.shard4of8	14	gfn-lm-tuning/gfn/bin/python diagnostics/run_ctg.py --model_path /mount/arbeitsdaten/studenten1/singhsk/thesis/thesis/gfn-lm-tuning/infill_subj_arithmetic/gpt2_large_sft_output --head /mount/arbeitsdaten/studenten1/singhsk/models/sentiment_constrained_ft_gpt2_large/sentiment_head.pt --proposal embgrad --constraint_mech accept_only --target_label 1 --steps 600 --span_len 20 --samples_per_prompt 4 --topk 64 --temperature 1.0 --out_dir results/ctg/phase2 --coverage_every 25 --run_name Aq.embgrad --shard_idx 4 --num_shards 8
Aq.embgrad.shard5of8	14	gfn-lm-tuning/gfn/bin/python diagnostics/run_ctg.py --model_path /mount/arbeitsdaten/studenten1/singhsk/thesis/thesis/gfn-lm-tuning/infill_subj_arithmetic/gpt2_large_sft_output --head /mount/arbeitsdaten/studenten1/singhsk/models/sentiment_constrained_ft_gpt2_large/sentiment_head.pt --proposal embgrad --constraint_mech accept_only --target_label 1 --steps 600 --span_len 20 --samples_per_prompt 4 --topk 64 --temperature 1.0 --out_dir results/ctg/phase2 --coverage_every 25 --run_name Aq.embgrad --shard_idx 5 --num_shards 8
Aq.embgrad.shard6of8	14	gfn-lm-tuning/gfn/bin/python diagnostics/run_ctg.py --model_path /mount/arbeitsdaten/studenten1/singhsk/thesis/thesis/gfn-lm-tuning/infill_subj_arithmetic/gpt2_large_sft_output --head /mount/arbeitsdaten/studenten1/singhsk/models/sentiment_constrained_ft_gpt2_large/sentiment_head.pt --proposal embgrad --constraint_mech accept_only --target_label 1 --steps 600 --span_len 20 --samples_per_prompt 4 --topk 64 --temperature 1.0 --out_dir results/ctg/phase2 --coverage_every 25 --run_name Aq.embgrad --shard_idx 6 --num_shards 8
Aq.embgrad.shard7of8	14	gfn-lm-tuning/gfn/bin/python diagnostics/run_ctg.py --model_path /mount/arbeitsdaten/studenten1/singhsk/thesis/thesis/gfn-lm-tuning/infill_subj_arithmetic/gpt2_large_sft_output --head /mount/arbeitsdaten/studenten1/singhsk/models/sentiment_constrained_ft_gpt2_large/sentiment_head.pt --proposal embgrad --constraint_mech accept_only --target_label 1 --steps 600 --span_len 20 --samples_per_prompt 4 --topk 64 --temperature 1.0 --out_dir results/ctg/phase2 --coverage_every 25 --run_name Aq.embgrad --shard_idx 7 --num_shards 8
Aq.uniform.shard0of4	12	gfn-lm-tuning/gfn/bin/python diagnostics/run_ctg.py --model_path /mount/arbeitsdaten/studenten1/singhsk/thesis/thesis/gfn-lm-tuning/infill_subj_arithmetic/gpt2_large_sft_output --head /mount/arbeitsdaten/studenten1/singhsk/models/sentiment_constrained_ft_gpt2_large/sentiment_head.pt --proposal uniform --constraint_mech accept_only --target_label 1 --steps 600 --span_len 20 --samples_per_prompt 4 --topk 64 --temperature 1.0 --out_dir results/ctg/phase2 --coverage_every 25 --run_name Aq.uniform --shard_idx 0 --num_shards 4
Aq.uniform.shard1of4	12	gfn-lm-tuning/gfn/bin/python diagnostics/run_ctg.py --model_path /mount/arbeitsdaten/studenten1/singhsk/thesis/thesis/gfn-lm-tuning/infill_subj_arithmetic/gpt2_large_sft_output --head /mount/arbeitsdaten/studenten1/singhsk/models/sentiment_constrained_ft_gpt2_large/sentiment_head.pt --proposal uniform --constraint_mech accept_only --target_label 1 --steps 600 --span_len 20 --samples_per_prompt 4 --topk 64 --temperature 1.0 --out_dir results/ctg/phase2 --coverage_every 25 --run_name Aq.uniform --shard_idx 1 --num_shards 4
Aq.uniform.shard2of4	12	gfn-lm-tuning/gfn/bin/python diagnostics/run_ctg.py --model_path /mount/arbeitsdaten/studenten1/singhsk/thesis/thesis/gfn-lm-tuning/infill_subj_arithmetic/gpt2_large_sft_output --head /mount/arbeitsdaten/studenten1/singhsk/models/sentiment_constrained_ft_gpt2_large/sentiment_head.pt --proposal uniform --constraint_mech accept_only --target_label 1 --steps 600 --span_len 20 --samples_per_prompt 4 --topk 64 --temperature 1.0 --out_dir results/ctg/phase2 --coverage_every 25 --run_name Aq.uniform --shard_idx 2 --num_shards 4
Aq.uniform.shard3of4	12	gfn-lm-tuning/gfn/bin/python diagnostics/run_ctg.py --model_path /mount/arbeitsdaten/studenten1/singhsk/thesis/thesis/gfn-lm-tuning/infill_subj_arithmetic/gpt2_large_sft_output --head /mount/arbeitsdaten/studenten1/singhsk/models/sentiment_constrained_ft_gpt2_large/sentiment_head.pt --proposal uniform --constraint_mech accept_only --target_label 1 --steps 600 --span_len 20 --samples_per_prompt 4 --topk 64 --temperature 1.0 --out_dir results/ctg/phase2 --coverage_every 25 --run_name Aq.uniform --shard_idx 3 --num_shards 4
Dn.mucola_faithful.g0.0.shard0of4	14	gfn-lm-tuning/gfn/bin/python diagnostics/run_mucola_faithful.py --model_path /mount/arbeitsdaten/studenten1/singhsk/thesis/thesis/gfn-lm-tuning/infill_subj_arithmetic/gpt2_large_sft_output --head /mount/arbeitsdaten/studenten1/singhsk/models/sentiment_constrained_ft_gpt2_large/sentiment_head.pt --variant mucola_faithful --target_label 1 --steps 300 --span_len 20 --samples_per_prompt 4 --cons_gain 0.0 --out_dir results/ctg/phase2 --normalize_grad --lr_start 1.0 --lr_end 0.01 --run_name Dn.mucola_faithful.g0.0 --shard_idx 0 --num_shards 4
Dn.mucola_faithful.g0.0.shard1of4	14	gfn-lm-tuning/gfn/bin/python diagnostics/run_mucola_faithful.py --model_path /mount/arbeitsdaten/studenten1/singhsk/thesis/thesis/gfn-lm-tuning/infill_subj_arithmetic/gpt2_large_sft_output --head /mount/arbeitsdaten/studenten1/singhsk/models/sentiment_constrained_ft_gpt2_large/sentiment_head.pt --variant mucola_faithful --target_label 1 --steps 300 --span_len 20 --samples_per_prompt 4 --cons_gain 0.0 --out_dir results/ctg/phase2 --normalize_grad --lr_start 1.0 --lr_end 0.01 --run_name Dn.mucola_faithful.g0.0 --shard_idx 1 --num_shards 4
Dn.mucola_faithful.g0.0.shard2of4	14	gfn-lm-tuning/gfn/bin/python diagnostics/run_mucola_faithful.py --model_path /mount/arbeitsdaten/studenten1/singhsk/thesis/thesis/gfn-lm-tuning/infill_subj_arithmetic/gpt2_large_sft_output --head /mount/arbeitsdaten/studenten1/singhsk/models/sentiment_constrained_ft_gpt2_large/sentiment_head.pt --variant mucola_faithful --target_label 1 --steps 300 --span_len 20 --samples_per_prompt 4 --cons_gain 0.0 --out_dir results/ctg/phase2 --normalize_grad --lr_start 1.0 --lr_end 0.01 --run_name Dn.mucola_faithful.g0.0 --shard_idx 2 --num_shards 4
Dn.mucola_faithful.g0.0.shard3of4	14	gfn-lm-tuning/gfn/bin/python diagnostics/run_mucola_faithful.py --model_path /mount/arbeitsdaten/studenten1/singhsk/thesis/thesis/gfn-lm-tuning/infill_subj_arithmetic/gpt2_large_sft_output --head /mount/arbeitsdaten/studenten1/singhsk/models/sentiment_constrained_ft_gpt2_large/sentiment_head.pt --variant mucola_faithful --target_label 1 --steps 300 --span_len 20 --samples_per_prompt 4 --cons_gain 0.0 --out_dir results/ctg/phase2 --normalize_grad --lr_start 1.0 --lr_end 0.01 --run_name Dn.mucola_faithful.g0.0 --shard_idx 3 --num_shards 4
Dn.mucola_faithful.g0.5.shard0of4	14	gfn-lm-tuning/gfn/bin/python diagnostics/run_mucola_faithful.py --model_path /mount/arbeitsdaten/studenten1/singhsk/thesis/thesis/gfn-lm-tuning/infill_subj_arithmetic/gpt2_large_sft_output --head /mount/arbeitsdaten/studenten1/singhsk/models/sentiment_constrained_ft_gpt2_large/sentiment_head.pt --variant mucola_faithful --target_label 1 --steps 300 --span_len 20 --samples_per_prompt 4 --cons_gain 0.5 --out_dir results/ctg/phase2 --normalize_grad --lr_start 1.0 --lr_end 0.01 --run_name Dn.mucola_faithful.g0.5 --shard_idx 0 --num_shards 4
Dn.mucola_faithful.g0.5.shard1of4	14	gfn-lm-tuning/gfn/bin/python diagnostics/run_mucola_faithful.py --model_path /mount/arbeitsdaten/studenten1/singhsk/thesis/thesis/gfn-lm-tuning/infill_subj_arithmetic/gpt2_large_sft_output --head /mount/arbeitsdaten/studenten1/singhsk/models/sentiment_constrained_ft_gpt2_large/sentiment_head.pt --variant mucola_faithful --target_label 1 --steps 300 --span_len 20 --samples_per_prompt 4 --cons_gain 0.5 --out_dir results/ctg/phase2 --normalize_grad --lr_start 1.0 --lr_end 0.01 --run_name Dn.mucola_faithful.g0.5 --shard_idx 1 --num_shards 4
Dn.mucola_faithful.g0.5.shard2of4	14	gfn-lm-tuning/gfn/bin/python diagnostics/run_mucola_faithful.py --model_path /mount/arbeitsdaten/studenten1/singhsk/thesis/thesis/gfn-lm-tuning/infill_subj_arithmetic/gpt2_large_sft_output --head /mount/arbeitsdaten/studenten1/singhsk/models/sentiment_constrained_ft_gpt2_large/sentiment_head.pt --variant mucola_faithful --target_label 1 --steps 300 --span_len 20 --samples_per_prompt 4 --cons_gain 0.5 --out_dir results/ctg/phase2 --normalize_grad --lr_start 1.0 --lr_end 0.01 --run_name Dn.mucola_faithful.g0.5 --shard_idx 2 --num_shards 4
Dn.mucola_faithful.g0.5.shard3of4	14	gfn-lm-tuning/gfn/bin/python diagnostics/run_mucola_faithful.py --model_path /mount/arbeitsdaten/studenten1/singhsk/thesis/thesis/gfn-lm-tuning/infill_subj_arithmetic/gpt2_large_sft_output --head /mount/arbeitsdaten/studenten1/singhsk/models/sentiment_constrained_ft_gpt2_large/sentiment_head.pt --variant mucola_faithful --target_label 1 --steps 300 --span_len 20 --samples_per_prompt 4 --cons_gain 0.5 --out_dir results/ctg/phase2 --normalize_grad --lr_start 1.0 --lr_end 0.01 --run_name Dn.mucola_faithful.g0.5 --shard_idx 3 --num_shards 4
Dn.mucola_faithful.g1.0.shard0of4	14	gfn-lm-tuning/gfn/bin/python diagnostics/run_mucola_faithful.py --model_path /mount/arbeitsdaten/studenten1/singhsk/thesis/thesis/gfn-lm-tuning/infill_subj_arithmetic/gpt2_large_sft_output --head /mount/arbeitsdaten/studenten1/singhsk/models/sentiment_constrained_ft_gpt2_large/sentiment_head.pt --variant mucola_faithful --target_label 1 --steps 300 --span_len 20 --samples_per_prompt 4 --cons_gain 1.0 --out_dir results/ctg/phase2 --normalize_grad --lr_start 1.0 --lr_end 0.01 --run_name Dn.mucola_faithful.g1.0 --shard_idx 0 --num_shards 4
Dn.mucola_faithful.g1.0.shard1of4	14	gfn-lm-tuning/gfn/bin/python diagnostics/run_mucola_faithful.py --model_path /mount/arbeitsdaten/studenten1/singhsk/thesis/thesis/gfn-lm-tuning/infill_subj_arithmetic/gpt2_large_sft_output --head /mount/arbeitsdaten/studenten1/singhsk/models/sentiment_constrained_ft_gpt2_large/sentiment_head.pt --variant mucola_faithful --target_label 1 --steps 300 --span_len 20 --samples_per_prompt 4 --cons_gain 1.0 --out_dir results/ctg/phase2 --normalize_grad --lr_start 1.0 --lr_end 0.01 --run_name Dn.mucola_faithful.g1.0 --shard_idx 1 --num_shards 4
Dn.mucola_faithful.g1.0.shard2of4	14	gfn-lm-tuning/gfn/bin/python diagnostics/run_mucola_faithful.py --model_path /mount/arbeitsdaten/studenten1/singhsk/thesis/thesis/gfn-lm-tuning/infill_subj_arithmetic/gpt2_large_sft_output --head /mount/arbeitsdaten/studenten1/singhsk/models/sentiment_constrained_ft_gpt2_large/sentiment_head.pt --variant mucola_faithful --target_label 1 --steps 300 --span_len 20 --samples_per_prompt 4 --cons_gain 1.0 --out_dir results/ctg/phase2 --normalize_grad --lr_start 1.0 --lr_end 0.01 --run_name Dn.mucola_faithful.g1.0 --shard_idx 2 --num_shards 4
Dn.mucola_faithful.g1.0.shard3of4	14	gfn-lm-tuning/gfn/bin/python diagnostics/run_mucola_faithful.py --model_path /mount/arbeitsdaten/studenten1/singhsk/thesis/thesis/gfn-lm-tuning/infill_subj_arithmetic/gpt2_large_sft_output --head /mount/arbeitsdaten/studenten1/singhsk/models/sentiment_constrained_ft_gpt2_large/sentiment_head.pt --variant mucola_faithful --target_label 1 --steps 300 --span_len 20 --samples_per_prompt 4 --cons_gain 1.0 --out_dir results/ctg/phase2 --normalize_grad --lr_start 1.0 --lr_end 0.01 --run_name Dn.mucola_faithful.g1.0 --shard_idx 3 --num_shards 4
Dn.mucola_faithful.g2.0.shard0of4	14	gfn-lm-tuning/gfn/bin/python diagnostics/run_mucola_faithful.py --model_path /mount/arbeitsdaten/studenten1/singhsk/thesis/thesis/gfn-lm-tuning/infill_subj_arithmetic/gpt2_large_sft_output --head /mount/arbeitsdaten/studenten1/singhsk/models/sentiment_constrained_ft_gpt2_large/sentiment_head.pt --variant mucola_faithful --target_label 1 --steps 300 --span_len 20 --samples_per_prompt 4 --cons_gain 2.0 --out_dir results/ctg/phase2 --normalize_grad --lr_start 1.0 --lr_end 0.01 --run_name Dn.mucola_faithful.g2.0 --shard_idx 0 --num_shards 4
Dn.mucola_faithful.g2.0.shard1of4	14	gfn-lm-tuning/gfn/bin/python diagnostics/run_mucola_faithful.py --model_path /mount/arbeitsdaten/studenten1/singhsk/thesis/thesis/gfn-lm-tuning/infill_subj_arithmetic/gpt2_large_sft_output --head /mount/arbeitsdaten/studenten1/singhsk/models/sentiment_constrained_ft_gpt2_large/sentiment_head.pt --variant mucola_faithful --target_label 1 --steps 300 --span_len 20 --samples_per_prompt 4 --cons_gain 2.0 --out_dir results/ctg/phase2 --normalize_grad --lr_start 1.0 --lr_end 0.01 --run_name Dn.mucola_faithful.g2.0 --shard_idx 1 --num_shards 4
Dn.mucola_faithful.g2.0.shard2of4	14	gfn-lm-tuning/gfn/bin/python diagnostics/run_mucola_faithful.py --model_path /mount/arbeitsdaten/studenten1/singhsk/thesis/thesis/gfn-lm-tuning/infill_subj_arithmetic/gpt2_large_sft_output --head /mount/arbeitsdaten/studenten1/singhsk/models/sentiment_constrained_ft_gpt2_large/sentiment_head.pt --variant mucola_faithful --target_label 1 --steps 300 --span_len 20 --samples_per_prompt 4 --cons_gain 2.0 --out_dir results/ctg/phase2 --normalize_grad --lr_start 1.0 --lr_end 0.01 --run_name Dn.mucola_faithful.g2.0 --shard_idx 2 --num_shards 4
Dn.mucola_faithful.g2.0.shard3of4	14	gfn-lm-tuning/gfn/bin/python diagnostics/run_mucola_faithful.py --model_path /mount/arbeitsdaten/studenten1/singhsk/thesis/thesis/gfn-lm-tuning/infill_subj_arithmetic/gpt2_large_sft_output --head /mount/arbeitsdaten/studenten1/singhsk/models/sentiment_constrained_ft_gpt2_large/sentiment_head.pt --variant mucola_faithful --target_label 1 --steps 300 --span_len 20 --samples_per_prompt 4 --cons_gain 2.0 --out_dir results/ctg/phase2 --normalize_grad --lr_start 1.0 --lr_end 0.01 --run_name Dn.mucola_faithful.g2.0 --shard_idx 3 --num_shards 4
Dn.mucola_faithful.g4.0.shard0of4	14	gfn-lm-tuning/gfn/bin/python diagnostics/run_mucola_faithful.py --model_path /mount/arbeitsdaten/studenten1/singhsk/thesis/thesis/gfn-lm-tuning/infill_subj_arithmetic/gpt2_large_sft_output --head /mount/arbeitsdaten/studenten1/singhsk/models/sentiment_constrained_ft_gpt2_large/sentiment_head.pt --variant mucola_faithful --target_label 1 --steps 300 --span_len 20 --samples_per_prompt 4 --cons_gain 4.0 --out_dir results/ctg/phase2 --normalize_grad --lr_start 1.0 --lr_end 0.01 --run_name Dn.mucola_faithful.g4.0 --shard_idx 0 --num_shards 4
Dn.mucola_faithful.g4.0.shard1of4	14	gfn-lm-tuning/gfn/bin/python diagnostics/run_mucola_faithful.py --model_path /mount/arbeitsdaten/studenten1/singhsk/thesis/thesis/gfn-lm-tuning/infill_subj_arithmetic/gpt2_large_sft_output --head /mount/arbeitsdaten/studenten1/singhsk/models/sentiment_constrained_ft_gpt2_large/sentiment_head.pt --variant mucola_faithful --target_label 1 --steps 300 --span_len 20 --samples_per_prompt 4 --cons_gain 4.0 --out_dir results/ctg/phase2 --normalize_grad --lr_start 1.0 --lr_end 0.01 --run_name Dn.mucola_faithful.g4.0 --shard_idx 1 --num_shards 4
Dn.mucola_faithful.g4.0.shard2of4	14	gfn-lm-tuning/gfn/bin/python diagnostics/run_mucola_faithful.py --model_path /mount/arbeitsdaten/studenten1/singhsk/thesis/thesis/gfn-lm-tuning/infill_subj_arithmetic/gpt2_large_sft_output --head /mount/arbeitsdaten/studenten1/singhsk/models/sentiment_constrained_ft_gpt2_large/sentiment_head.pt --variant mucola_faithful --target_label 1 --steps 300 --span_len 20 --samples_per_prompt 4 --cons_gain 4.0 --out_dir results/ctg/phase2 --normalize_grad --lr_start 1.0 --lr_end 0.01 --run_name Dn.mucola_faithful.g4.0 --shard_idx 2 --num_shards 4
Dn.mucola_faithful.g4.0.shard3of4	14	gfn-lm-tuning/gfn/bin/python diagnostics/run_mucola_faithful.py --model_path /mount/arbeitsdaten/studenten1/singhsk/thesis/thesis/gfn-lm-tuning/infill_subj_arithmetic/gpt2_large_sft_output --head /mount/arbeitsdaten/studenten1/singhsk/models/sentiment_constrained_ft_gpt2_large/sentiment_head.pt --variant mucola_faithful --target_label 1 --steps 300 --span_len 20 --samples_per_prompt 4 --cons_gain 4.0 --out_dir results/ctg/phase2 --normalize_grad --lr_start 1.0 --lr_end 0.01 --run_name Dn.mucola_faithful.g4.0 --shard_idx 3 --num_shards 4
Dn.mucola_faithful.g8.0.shard0of4	14	gfn-lm-tuning/gfn/bin/python diagnostics/run_mucola_faithful.py --model_path /mount/arbeitsdaten/studenten1/singhsk/thesis/thesis/gfn-lm-tuning/infill_subj_arithmetic/gpt2_large_sft_output --head /mount/arbeitsdaten/studenten1/singhsk/models/sentiment_constrained_ft_gpt2_large/sentiment_head.pt --variant mucola_faithful --target_label 1 --steps 300 --span_len 20 --samples_per_prompt 4 --cons_gain 8.0 --out_dir results/ctg/phase2 --normalize_grad --lr_start 1.0 --lr_end 0.01 --run_name Dn.mucola_faithful.g8.0 --shard_idx 0 --num_shards 4
Dn.mucola_faithful.g8.0.shard1of4	14	gfn-lm-tuning/gfn/bin/python diagnostics/run_mucola_faithful.py --model_path /mount/arbeitsdaten/studenten1/singhsk/thesis/thesis/gfn-lm-tuning/infill_subj_arithmetic/gpt2_large_sft_output --head /mount/arbeitsdaten/studenten1/singhsk/models/sentiment_constrained_ft_gpt2_large/sentiment_head.pt --variant mucola_faithful --target_label 1 --steps 300 --span_len 20 --samples_per_prompt 4 --cons_gain 8.0 --out_dir results/ctg/phase2 --normalize_grad --lr_start 1.0 --lr_end 0.01 --run_name Dn.mucola_faithful.g8.0 --shard_idx 1 --num_shards 4
Dn.mucola_faithful.g8.0.shard2of4	14	gfn-lm-tuning/gfn/bin/python diagnostics/run_mucola_faithful.py --model_path /mount/arbeitsdaten/studenten1/singhsk/thesis/thesis/gfn-lm-tuning/infill_subj_arithmetic/gpt2_large_sft_output --head /mount/arbeitsdaten/studenten1/singhsk/models/sentiment_constrained_ft_gpt2_large/sentiment_head.pt --variant mucola_faithful --target_label 1 --steps 300 --span_len 20 --samples_per_prompt 4 --cons_gain 8.0 --out_dir results/ctg/phase2 --normalize_grad --lr_start 1.0 --lr_end 0.01 --run_name Dn.mucola_faithful.g8.0 --shard_idx 2 --num_shards 4
Dn.mucola_faithful.g8.0.shard3of4	14	gfn-lm-tuning/gfn/bin/python diagnostics/run_mucola_faithful.py --model_path /mount/arbeitsdaten/studenten1/singhsk/thesis/thesis/gfn-lm-tuning/infill_subj_arithmetic/gpt2_large_sft_output --head /mount/arbeitsdaten/studenten1/singhsk/models/sentiment_constrained_ft_gpt2_large/sentiment_head.pt --variant mucola_faithful --target_label 1 --steps 300 --span_len 20 --samples_per_prompt 4 --cons_gain 8.0 --out_dir results/ctg/phase2 --normalize_grad --lr_start 1.0 --lr_end 0.01 --run_name Dn.mucola_faithful.g8.0 --shard_idx 3 --num_shards 4
Dn.cls_thesis.g0.0.shard0of4	14	gfn-lm-tuning/gfn/bin/python diagnostics/run_mucola_faithful.py --model_path /mount/arbeitsdaten/studenten1/singhsk/thesis/thesis/gfn-lm-tuning/infill_subj_arithmetic/gpt2_large_sft_output --head /mount/arbeitsdaten/studenten1/singhsk/models/sentiment_constrained_ft_gpt2_large/sentiment_head.pt --variant cls_thesis --target_label 1 --steps 300 --span_len 20 --samples_per_prompt 4 --cons_gain 0.0 --out_dir results/ctg/phase2 --normalize_grad --lr_start 1.0 --lr_end 0.01 --run_name Dn.cls_thesis.g0.0 --shard_idx 0 --num_shards 4
Dn.cls_thesis.g0.0.shard1of4	14	gfn-lm-tuning/gfn/bin/python diagnostics/run_mucola_faithful.py --model_path /mount/arbeitsdaten/studenten1/singhsk/thesis/thesis/gfn-lm-tuning/infill_subj_arithmetic/gpt2_large_sft_output --head /mount/arbeitsdaten/studenten1/singhsk/models/sentiment_constrained_ft_gpt2_large/sentiment_head.pt --variant cls_thesis --target_label 1 --steps 300 --span_len 20 --samples_per_prompt 4 --cons_gain 0.0 --out_dir results/ctg/phase2 --normalize_grad --lr_start 1.0 --lr_end 0.01 --run_name Dn.cls_thesis.g0.0 --shard_idx 1 --num_shards 4
Dn.cls_thesis.g0.0.shard2of4	14	gfn-lm-tuning/gfn/bin/python diagnostics/run_mucola_faithful.py --model_path /mount/arbeitsdaten/studenten1/singhsk/thesis/thesis/gfn-lm-tuning/infill_subj_arithmetic/gpt2_large_sft_output --head /mount/arbeitsdaten/studenten1/singhsk/models/sentiment_constrained_ft_gpt2_large/sentiment_head.pt --variant cls_thesis --target_label 1 --steps 300 --span_len 20 --samples_per_prompt 4 --cons_gain 0.0 --out_dir results/ctg/phase2 --normalize_grad --lr_start 1.0 --lr_end 0.01 --run_name Dn.cls_thesis.g0.0 --shard_idx 2 --num_shards 4
Dn.cls_thesis.g0.0.shard3of4	14	gfn-lm-tuning/gfn/bin/python diagnostics/run_mucola_faithful.py --model_path /mount/arbeitsdaten/studenten1/singhsk/thesis/thesis/gfn-lm-tuning/infill_subj_arithmetic/gpt2_large_sft_output --head /mount/arbeitsdaten/studenten1/singhsk/models/sentiment_constrained_ft_gpt2_large/sentiment_head.pt --variant cls_thesis --target_label 1 --steps 300 --span_len 20 --samples_per_prompt 4 --cons_gain 0.0 --out_dir results/ctg/phase2 --normalize_grad --lr_start 1.0 --lr_end 0.01 --run_name Dn.cls_thesis.g0.0 --shard_idx 3 --num_shards 4
Dn.cls_thesis.g0.5.shard0of4	14	gfn-lm-tuning/gfn/bin/python diagnostics/run_mucola_faithful.py --model_path /mount/arbeitsdaten/studenten1/singhsk/thesis/thesis/gfn-lm-tuning/infill_subj_arithmetic/gpt2_large_sft_output --head /mount/arbeitsdaten/studenten1/singhsk/models/sentiment_constrained_ft_gpt2_large/sentiment_head.pt --variant cls_thesis --target_label 1 --steps 300 --span_len 20 --samples_per_prompt 4 --cons_gain 0.5 --out_dir results/ctg/phase2 --normalize_grad --lr_start 1.0 --lr_end 0.01 --run_name Dn.cls_thesis.g0.5 --shard_idx 0 --num_shards 4
Dn.cls_thesis.g0.5.shard1of4	14	gfn-lm-tuning/gfn/bin/python diagnostics/run_mucola_faithful.py --model_path /mount/arbeitsdaten/studenten1/singhsk/thesis/thesis/gfn-lm-tuning/infill_subj_arithmetic/gpt2_large_sft_output --head /mount/arbeitsdaten/studenten1/singhsk/models/sentiment_constrained_ft_gpt2_large/sentiment_head.pt --variant cls_thesis --target_label 1 --steps 300 --span_len 20 --samples_per_prompt 4 --cons_gain 0.5 --out_dir results/ctg/phase2 --normalize_grad --lr_start 1.0 --lr_end 0.01 --run_name Dn.cls_thesis.g0.5 --shard_idx 1 --num_shards 4
Dn.cls_thesis.g0.5.shard2of4	14	gfn-lm-tuning/gfn/bin/python diagnostics/run_mucola_faithful.py --model_path /mount/arbeitsdaten/studenten1/singhsk/thesis/thesis/gfn-lm-tuning/infill_subj_arithmetic/gpt2_large_sft_output --head /mount/arbeitsdaten/studenten1/singhsk/models/sentiment_constrained_ft_gpt2_large/sentiment_head.pt --variant cls_thesis --target_label 1 --steps 300 --span_len 20 --samples_per_prompt 4 --cons_gain 0.5 --out_dir results/ctg/phase2 --normalize_grad --lr_start 1.0 --lr_end 0.01 --run_name Dn.cls_thesis.g0.5 --shard_idx 2 --num_shards 4
Dn.cls_thesis.g0.5.shard3of4	14	gfn-lm-tuning/gfn/bin/python diagnostics/run_mucola_faithful.py --model_path /mount/arbeitsdaten/studenten1/singhsk/thesis/thesis/gfn-lm-tuning/infill_subj_arithmetic/gpt2_large_sft_output --head /mount/arbeitsdaten/studenten1/singhsk/models/sentiment_constrained_ft_gpt2_large/sentiment_head.pt --variant cls_thesis --target_label 1 --steps 300 --span_len 20 --samples_per_prompt 4 --cons_gain 0.5 --out_dir results/ctg/phase2 --normalize_grad --lr_start 1.0 --lr_end 0.01 --run_name Dn.cls_thesis.g0.5 --shard_idx 3 --num_shards 4
Dn.cls_thesis.g1.0.shard0of4	14	gfn-lm-tuning/gfn/bin/python diagnostics/run_mucola_faithful.py --model_path /mount/arbeitsdaten/studenten1/singhsk/thesis/thesis/gfn-lm-tuning/infill_subj_arithmetic/gpt2_large_sft_output --head /mount/arbeitsdaten/studenten1/singhsk/models/sentiment_constrained_ft_gpt2_large/sentiment_head.pt --variant cls_thesis --target_label 1 --steps 300 --span_len 20 --samples_per_prompt 4 --cons_gain 1.0 --out_dir results/ctg/phase2 --normalize_grad --lr_start 1.0 --lr_end 0.01 --run_name Dn.cls_thesis.g1.0 --shard_idx 0 --num_shards 4
Dn.cls_thesis.g1.0.shard1of4	14	gfn-lm-tuning/gfn/bin/python diagnostics/run_mucola_faithful.py --model_path /mount/arbeitsdaten/studenten1/singhsk/thesis/thesis/gfn-lm-tuning/infill_subj_arithmetic/gpt2_large_sft_output --head /mount/arbeitsdaten/studenten1/singhsk/models/sentiment_constrained_ft_gpt2_large/sentiment_head.pt --variant cls_thesis --target_label 1 --steps 300 --span_len 20 --samples_per_prompt 4 --cons_gain 1.0 --out_dir results/ctg/phase2 --normalize_grad --lr_start 1.0 --lr_end 0.01 --run_name Dn.cls_thesis.g1.0 --shard_idx 1 --num_shards 4
Dn.cls_thesis.g1.0.shard2of4	14	gfn-lm-tuning/gfn/bin/python diagnostics/run_mucola_faithful.py --model_path /mount/arbeitsdaten/studenten1/singhsk/thesis/thesis/gfn-lm-tuning/infill_subj_arithmetic/gpt2_large_sft_output --head /mount/arbeitsdaten/studenten1/singhsk/models/sentiment_constrained_ft_gpt2_large/sentiment_head.pt --variant cls_thesis --target_label 1 --steps 300 --span_len 20 --samples_per_prompt 4 --cons_gain 1.0 --out_dir results/ctg/phase2 --normalize_grad --lr_start 1.0 --lr_end 0.01 --run_name Dn.cls_thesis.g1.0 --shard_idx 2 --num_shards 4
Dn.cls_thesis.g1.0.shard3of4	14	gfn-lm-tuning/gfn/bin/python diagnostics/run_mucola_faithful.py --model_path /mount/arbeitsdaten/studenten1/singhsk/thesis/thesis/gfn-lm-tuning/infill_subj_arithmetic/gpt2_large_sft_output --head /mount/arbeitsdaten/studenten1/singhsk/models/sentiment_constrained_ft_gpt2_large/sentiment_head.pt --variant cls_thesis --target_label 1 --steps 300 --span_len 20 --samples_per_prompt 4 --cons_gain 1.0 --out_dir results/ctg/phase2 --normalize_grad --lr_start 1.0 --lr_end 0.01 --run_name Dn.cls_thesis.g1.0 --shard_idx 3 --num_shards 4
Dn.cls_thesis.g2.0.shard0of4	14	gfn-lm-tuning/gfn/bin/python diagnostics/run_mucola_faithful.py --model_path /mount/arbeitsdaten/studenten1/singhsk/thesis/thesis/gfn-lm-tuning/infill_subj_arithmetic/gpt2_large_sft_output --head /mount/arbeitsdaten/studenten1/singhsk/models/sentiment_constrained_ft_gpt2_large/sentiment_head.pt --variant cls_thesis --target_label 1 --steps 300 --span_len 20 --samples_per_prompt 4 --cons_gain 2.0 --out_dir results/ctg/phase2 --normalize_grad --lr_start 1.0 --lr_end 0.01 --run_name Dn.cls_thesis.g2.0 --shard_idx 0 --num_shards 4
Dn.cls_thesis.g2.0.shard1of4	14	gfn-lm-tuning/gfn/bin/python diagnostics/run_mucola_faithful.py --model_path /mount/arbeitsdaten/studenten1/singhsk/thesis/thesis/gfn-lm-tuning/infill_subj_arithmetic/gpt2_large_sft_output --head /mount/arbeitsdaten/studenten1/singhsk/models/sentiment_constrained_ft_gpt2_large/sentiment_head.pt --variant cls_thesis --target_label 1 --steps 300 --span_len 20 --samples_per_prompt 4 --cons_gain 2.0 --out_dir results/ctg/phase2 --normalize_grad --lr_start 1.0 --lr_end 0.01 --run_name Dn.cls_thesis.g2.0 --shard_idx 1 --num_shards 4
Dn.cls_thesis.g2.0.shard2of4	14	gfn-lm-tuning/gfn/bin/python diagnostics/run_mucola_faithful.py --model_path /mount/arbeitsdaten/studenten1/singhsk/thesis/thesis/gfn-lm-tuning/infill_subj_arithmetic/gpt2_large_sft_output --head /mount/arbeitsdaten/studenten1/singhsk/models/sentiment_constrained_ft_gpt2_large/sentiment_head.pt --variant cls_thesis --target_label 1 --steps 300 --span_len 20 --samples_per_prompt 4 --cons_gain 2.0 --out_dir results/ctg/phase2 --normalize_grad --lr_start 1.0 --lr_end 0.01 --run_name Dn.cls_thesis.g2.0 --shard_idx 2 --num_shards 4
Dn.cls_thesis.g2.0.shard3of4	14	gfn-lm-tuning/gfn/bin/python diagnostics/run_mucola_faithful.py --model_path /mount/arbeitsdaten/studenten1/singhsk/thesis/thesis/gfn-lm-tuning/infill_subj_arithmetic/gpt2_large_sft_output --head /mount/arbeitsdaten/studenten1/singhsk/models/sentiment_constrained_ft_gpt2_large/sentiment_head.pt --variant cls_thesis --target_label 1 --steps 300 --span_len 20 --samples_per_prompt 4 --cons_gain 2.0 --out_dir results/ctg/phase2 --normalize_grad --lr_start 1.0 --lr_end 0.01 --run_name Dn.cls_thesis.g2.0 --shard_idx 3 --num_shards 4
Dn.cls_thesis.g4.0.shard0of4	14	gfn-lm-tuning/gfn/bin/python diagnostics/run_mucola_faithful.py --model_path /mount/arbeitsdaten/studenten1/singhsk/thesis/thesis/gfn-lm-tuning/infill_subj_arithmetic/gpt2_large_sft_output --head /mount/arbeitsdaten/studenten1/singhsk/models/sentiment_constrained_ft_gpt2_large/sentiment_head.pt --variant cls_thesis --target_label 1 --steps 300 --span_len 20 --samples_per_prompt 4 --cons_gain 4.0 --out_dir results/ctg/phase2 --normalize_grad --lr_start 1.0 --lr_end 0.01 --run_name Dn.cls_thesis.g4.0 --shard_idx 0 --num_shards 4
Dn.cls_thesis.g4.0.shard1of4	14	gfn-lm-tuning/gfn/bin/python diagnostics/run_mucola_faithful.py --model_path /mount/arbeitsdaten/studenten1/singhsk/thesis/thesis/gfn-lm-tuning/infill_subj_arithmetic/gpt2_large_sft_output --head /mount/arbeitsdaten/studenten1/singhsk/models/sentiment_constrained_ft_gpt2_large/sentiment_head.pt --variant cls_thesis --target_label 1 --steps 300 --span_len 20 --samples_per_prompt 4 --cons_gain 4.0 --out_dir results/ctg/phase2 --normalize_grad --lr_start 1.0 --lr_end 0.01 --run_name Dn.cls_thesis.g4.0 --shard_idx 1 --num_shards 4
Dn.cls_thesis.g4.0.shard2of4	14	gfn-lm-tuning/gfn/bin/python diagnostics/run_mucola_faithful.py --model_path /mount/arbeitsdaten/studenten1/singhsk/thesis/thesis/gfn-lm-tuning/infill_subj_arithmetic/gpt2_large_sft_output --head /mount/arbeitsdaten/studenten1/singhsk/models/sentiment_constrained_ft_gpt2_large/sentiment_head.pt --variant cls_thesis --target_label 1 --steps 300 --span_len 20 --samples_per_prompt 4 --cons_gain 4.0 --out_dir results/ctg/phase2 --normalize_grad --lr_start 1.0 --lr_end 0.01 --run_name Dn.cls_thesis.g4.0 --shard_idx 2 --num_shards 4
Dn.cls_thesis.g4.0.shard3of4	14	gfn-lm-tuning/gfn/bin/python diagnostics/run_mucola_faithful.py --model_path /mount/arbeitsdaten/studenten1/singhsk/thesis/thesis/gfn-lm-tuning/infill_subj_arithmetic/gpt2_large_sft_output --head /mount/arbeitsdaten/studenten1/singhsk/models/sentiment_constrained_ft_gpt2_large/sentiment_head.pt --variant cls_thesis --target_label 1 --steps 300 --span_len 20 --samples_per_prompt 4 --cons_gain 4.0 --out_dir results/ctg/phase2 --normalize_grad --lr_start 1.0 --lr_end 0.01 --run_name Dn.cls_thesis.g4.0 --shard_idx 3 --num_shards 4
Dn.cls_thesis.g8.0.shard0of4	14	gfn-lm-tuning/gfn/bin/python diagnostics/run_mucola_faithful.py --model_path /mount/arbeitsdaten/studenten1/singhsk/thesis/thesis/gfn-lm-tuning/infill_subj_arithmetic/gpt2_large_sft_output --head /mount/arbeitsdaten/studenten1/singhsk/models/sentiment_constrained_ft_gpt2_large/sentiment_head.pt --variant cls_thesis --target_label 1 --steps 300 --span_len 20 --samples_per_prompt 4 --cons_gain 8.0 --out_dir results/ctg/phase2 --normalize_grad --lr_start 1.0 --lr_end 0.01 --run_name Dn.cls_thesis.g8.0 --shard_idx 0 --num_shards 4
Dn.cls_thesis.g8.0.shard1of4	14	gfn-lm-tuning/gfn/bin/python diagnostics/run_mucola_faithful.py --model_path /mount/arbeitsdaten/studenten1/singhsk/thesis/thesis/gfn-lm-tuning/infill_subj_arithmetic/gpt2_large_sft_output --head /mount/arbeitsdaten/studenten1/singhsk/models/sentiment_constrained_ft_gpt2_large/sentiment_head.pt --variant cls_thesis --target_label 1 --steps 300 --span_len 20 --samples_per_prompt 4 --cons_gain 8.0 --out_dir results/ctg/phase2 --normalize_grad --lr_start 1.0 --lr_end 0.01 --run_name Dn.cls_thesis.g8.0 --shard_idx 1 --num_shards 4
Dn.cls_thesis.g8.0.shard2of4	14	gfn-lm-tuning/gfn/bin/python diagnostics/run_mucola_faithful.py --model_path /mount/arbeitsdaten/studenten1/singhsk/thesis/thesis/gfn-lm-tuning/infill_subj_arithmetic/gpt2_large_sft_output --head /mount/arbeitsdaten/studenten1/singhsk/models/sentiment_constrained_ft_gpt2_large/sentiment_head.pt --variant cls_thesis --target_label 1 --steps 300 --span_len 20 --samples_per_prompt 4 --cons_gain 8.0 --out_dir results/ctg/phase2 --normalize_grad --lr_start 1.0 --lr_end 0.01 --run_name Dn.cls_thesis.g8.0 --shard_idx 2 --num_shards 4
Dn.cls_thesis.g8.0.shard3of4	14	gfn-lm-tuning/gfn/bin/python diagnostics/run_mucola_faithful.py --model_path /mount/arbeitsdaten/studenten1/singhsk/thesis/thesis/gfn-lm-tuning/infill_subj_arithmetic/gpt2_large_sft_output --head /mount/arbeitsdaten/studenten1/singhsk/models/sentiment_constrained_ft_gpt2_large/sentiment_head.pt --variant cls_thesis --target_label 1 --steps 300 --span_len 20 --samples_per_prompt 4 --cons_gain 8.0 --out_dir results/ctg/phase2 --normalize_grad --lr_start 1.0 --lr_end 0.01 --run_name Dn.cls_thesis.g8.0 --shard_idx 3 --num_shards 4
