sample_idx,baseline,avg_kl,exact_match,num_masks
0,ground_truth,-7.450580596923828e-09,1,1
0,untouched,13.510894775390625,0,1
0,random_token,2.7124311923980713,0,1
0,cond_argmax,65.60969543457031,0,1
0,cond_sample,65.60969543457031,0,1
0,cond_topk_rescore,64.77214050292969,0,1
0,gibbs,13.510894775390625,0,1
1,ground_truth,-1.5017644727777224e-07,1,1
1,untouched,3.7995266914367676,0,1
1,random_token,5.242273807525635,0,1
1,cond_argmax,8.951923370361328,0,1
1,cond_sample,8.951923370361328,0,1
1,cond_topk_rescore,5.0135016441345215,0,1
1,gibbs,8.951923370361328,0,1
2,ground_truth,-9.840050552156754e-09,1,1
2,untouched,16.416688919067383,0,1
2,random_token,14.669626235961914,0,1
2,cond_argmax,-9.840050552156754e-09,1,1
2,cond_sample,-9.840050552156754e-09,1,1
2,cond_topk_rescore,5.082391738891602,0,1
2,gibbs,-9.840050552156754e-09,1,1
3,ground_truth,8.037659426918253e-11,1,1
3,untouched,0.28026801347732544,0,1
3,random_token,4.526273727416992,0,1
3,cond_argmax,8.037659426918253e-11,1,1
3,cond_sample,0.033543892204761505,0,1
3,cond_topk_rescore,8.037659426918253e-11,1,1
3,gibbs,8.037659426918253e-11,1,1
4,ground_truth,1.4898773770255502e-08,1,1
4,untouched,9.123476028442383,0,1
4,random_token,13.537808418273926,0,1
4,cond_argmax,8.060604095458984,0,1
4,cond_sample,8.060604095458984,0,1
4,cond_topk_rescore,12.932526588439941,0,1
4,gibbs,9.590322494506836,0,1
5,ground_truth,-3.4458935260772705e-08,1,1
5,untouched,17.17100715637207,0,1
5,random_token,4.181399345397949,0,1
5,cond_argmax,-3.4458935260772705e-08,1,1
5,cond_sample,10.743085861206055,0,1
5,cond_topk_rescore,-3.4458935260772705e-08,1,1
5,gibbs,10.743085861206055,0,1
6,ground_truth,2.981073521368671e-08,1,1
6,untouched,7.562411308288574,0,1
6,random_token,14.174043655395508,0,1
6,cond_argmax,65.44490814208984,0,1
6,cond_sample,65.7657470703125,0,1
6,cond_topk_rescore,64.23283386230469,0,1
6,gibbs,7.562411308288574,0,1
7,ground_truth,-3.1921081244945526e-07,1,1
7,untouched,6.981322288513184,0,1
7,random_token,0.005748406983911991,0,1
7,cond_argmax,0.0157112255692482,0,1
7,cond_sample,0.00846114382147789,0,1
7,cond_topk_rescore,9.584124565124512,0,1
7,gibbs,6.981322288513184,0,1
8,ground_truth,-5.3271151045919396e-08,1,1
8,untouched,11.620780944824219,0,1
8,random_token,8.214179992675781,0,1
8,cond_argmax,-5.3271151045919396e-08,1,1
8,cond_sample,-5.3271151045919396e-08,1,1
8,cond_topk_rescore,-5.3271151045919396e-08,1,1
8,gibbs,-5.3271151045919396e-08,1,1
9,ground_truth,5.963511284790002e-08,1,1
9,untouched,1.612796664237976,0,1
9,random_token,0.9259680509567261,0,1
9,cond_argmax,5.963511284790002e-08,1,1
9,cond_sample,0.2053062468767166,0,1
9,cond_topk_rescore,5.963511284790002e-08,1,1
9,gibbs,1.612796664237976,0,1
10,ground_truth,7.450580596923828e-09,1,1
10,untouched,3.363992691040039,0,1
10,random_token,23.88399887084961,0,1
10,cond_argmax,0.024345314130187035,0,1
10,cond_sample,0.024301644414663315,0,1
10,cond_topk_rescore,0.02431177906692028,0,1
10,gibbs,3.363992691040039,0,1
11,ground_truth,1.6298145055770874e-08,1,1
11,untouched,10.704641342163086,0,1
11,random_token,7.6892595291137695,0,1
11,cond_argmax,2.0030903816223145,0,1
11,cond_sample,2.0030903816223145,0,1
11,cond_topk_rescore,2.0030903816223145,0,1
11,gibbs,2.0030903816223145,0,1
12,ground_truth,-3.166496753692627e-08,1,1
12,untouched,2.1018738746643066,0,1
12,random_token,4.508338928222656,0,1
12,cond_argmax,0.08355434238910675,0,1
12,cond_sample,0.08355434238910675,0,1
12,cond_topk_rescore,-3.166496753692627e-08,1,1
12,gibbs,0.08355434238910675,0,1
13,ground_truth,1.0104849934577942e-07,1,1
13,untouched,15.216560363769531,0,1
13,random_token,5.288742542266846,0,1
13,cond_argmax,163.15872192382812,0,1
13,cond_sample,163.16046142578125,0,1
13,cond_topk_rescore,163.0690460205078,0,1
13,gibbs,15.216560363769531,0,1
14,ground_truth,6.28642737865448e-08,1,1
14,untouched,7.581643104553223,0,1
14,random_token,37.73857116699219,0,1
14,cond_argmax,124.41043090820312,0,1
14,cond_sample,124.7410659790039,0,1
14,cond_topk_rescore,124.25067901611328,0,1
14,gibbs,7.581643104553223,0,1
15,ground_truth,2.9799139156239107e-08,1,1
15,untouched,12.048773765563965,0,1
15,random_token,9.684762001037598,0,1
15,cond_argmax,16.141380310058594,0,1
15,cond_sample,23.256546020507812,0,1
15,cond_topk_rescore,13.594942092895508,0,1
15,gibbs,12.048773765563965,0,1
16,ground_truth,9.546056389808655e-09,1,1
16,untouched,12.453107833862305,0,1
16,random_token,11.372700691223145,0,1
16,cond_argmax,15.59778118133545,0,1
16,cond_sample,12.211645126342773,0,1
16,cond_topk_rescore,9.35368824005127,0,1
16,gibbs,8.074223518371582,0,1
17,ground_truth,1.7462298274040222e-08,1,1
17,untouched,10.629165649414062,0,1
17,random_token,13.313901901245117,0,1
17,cond_argmax,5.136373043060303,0,1
17,cond_sample,7.663365364074707,0,1
17,cond_topk_rescore,5.136373043060303,0,1
17,gibbs,5.136373043060303,0,1
18,ground_truth,-2.9802322387695312e-08,1,1
18,untouched,11.006353378295898,0,1
18,random_token,10.598713874816895,0,1
18,cond_argmax,0.006282685324549675,0,1
18,cond_sample,19.33543586730957,0,1
18,cond_topk_rescore,0.011346181854605675,0,1
18,gibbs,0.011346181854605675,0,1
19,ground_truth,-1.7880415725812782e-07,1,1
19,untouched,4.700156211853027,0,1
19,random_token,8.809370040893555,0,1
19,cond_argmax,-1.7880415725812782e-07,1,1
19,cond_sample,-1.7880415725812782e-07,1,1
19,cond_topk_rescore,-1.7880415725812782e-07,1,1
19,gibbs,4.700156211853027,0,1
20,ground_truth,4.190951585769653e-09,1,1
20,untouched,13.11543083190918,0,1
20,random_token,10.265620231628418,0,1
20,cond_argmax,7.409769058227539,0,1
20,cond_sample,4.757158279418945,0,1
20,cond_topk_rescore,7.409769058227539,0,1
20,gibbs,7.409769058227539,0,1
21,ground_truth,-5.844049155712128e-08,1,1
21,untouched,5.9090471267700195,0,1
21,random_token,7.452892780303955,0,1
21,cond_argmax,-5.844049155712128e-08,1,1
21,cond_sample,-5.844049155712128e-08,1,1
21,cond_topk_rescore,-5.844049155712128e-08,1,1
21,gibbs,-5.844049155712128e-08,1,1
22,ground_truth,1.4726185604274633e-08,1,1
22,untouched,0.8550167083740234,0,1
22,random_token,2.953997850418091,0,1
22,cond_argmax,1.4726185604274633e-08,1,1
22,cond_sample,1.4726185604274633e-08,1,1
22,cond_topk_rescore,1.4726185604274633e-08,1,1
22,gibbs,1.4726185604274633e-08,1,1
23,ground_truth,2.9795387490594294e-08,1,1
23,untouched,13.261512756347656,0,1
23,random_token,7.682741165161133,0,1
23,cond_argmax,7.022291660308838,0,1
23,cond_sample,7.022291660308838,0,1
23,cond_topk_rescore,2.9795387490594294e-08,1,1
23,gibbs,2.9795387490594294e-08,1,1
24,ground_truth,-7.449784789059777e-09,1,1
24,untouched,4.166607856750488,0,1
24,random_token,3.650834321975708,0,1
24,cond_argmax,0.03280331939458847,0,1
24,cond_sample,4.927318572998047,0,1
24,cond_topk_rescore,11.033561706542969,0,1
24,gibbs,4.166607856750488,0,1
25,ground_truth,-9.592622518539429e-08,1,1
25,untouched,12.821828842163086,0,1
25,random_token,8.823325157165527,0,1
25,cond_argmax,8.533857345581055,0,1
25,cond_sample,8.533857345581055,0,1
25,cond_topk_rescore,8.533857345581055,0,1
25,gibbs,8.799808502197266,0,1
26,ground_truth,-4.35602487414144e-09,1,1
26,untouched,15.133975982666016,0,1
26,random_token,12.776006698608398,0,1
26,cond_argmax,13.069389343261719,0,1
26,cond_sample,9.041385650634766,0,1
26,cond_topk_rescore,12.158611297607422,0,1
26,gibbs,9.40198802947998,0,1
27,ground_truth,2.246815711259842e-07,1,1
27,untouched,6.811624526977539,0,1
27,random_token,8.60219955444336,0,1
27,cond_argmax,9.59847354888916,0,1
27,cond_sample,13.878887176513672,0,1
27,cond_topk_rescore,9.59847354888916,0,1
27,gibbs,6.811624526977539,0,1
28,ground_truth,3.310325524807922e-08,1,1
28,untouched,20.689205169677734,0,1
28,random_token,4.906123161315918,0,1
28,cond_argmax,3.310325524807922e-08,1,1
28,cond_sample,18.60742950439453,0,1
28,cond_topk_rescore,9.282721519470215,0,1
28,gibbs,3.310325524807922e-08,1,1
29,ground_truth,-2.9103830456733704e-08,1,1
29,untouched,5.461971759796143,0,1
29,random_token,14.802515983581543,0,1
29,cond_argmax,6.5886006355285645,0,1
29,cond_sample,1.819476842880249,0,1
29,cond_topk_rescore,5.9144792556762695,0,1
29,gibbs,5.461971759796143,0,1
30,ground_truth,-7.708763405389618e-09,1,1
30,untouched,6.098423957824707,0,1
30,random_token,4.331465244293213,0,1
30,cond_argmax,-7.708763405389618e-09,1,1
30,cond_sample,10.356071472167969,0,1
30,cond_topk_rescore,-7.708763405389618e-09,1,1
30,gibbs,10.356071472167969,0,1
31,ground_truth,1.2106463387340227e-08,1,1
31,untouched,34.06389617919922,0,1
31,random_token,29.456464767456055,0,1
31,cond_argmax,123.81322479248047,0,1
31,cond_sample,123.8495101928711,0,1
31,cond_topk_rescore,122.96395874023438,0,1
31,gibbs,34.06389617919922,0,1
32,ground_truth,-1.4081596333426205e-08,1,1
32,untouched,10.694168090820312,0,1
32,random_token,8.17790699005127,0,1
32,cond_argmax,-1.4081596333426205e-08,1,1
32,cond_sample,-1.4081596333426205e-08,1,1
32,cond_topk_rescore,-1.4081596333426205e-08,1,1
32,gibbs,-1.4081596333426205e-08,1,1
33,ground_truth,-1.4696297512273304e-08,1,1
33,untouched,23.469125747680664,0,1
33,random_token,14.834390640258789,0,1
33,cond_argmax,11.487364768981934,0,1
33,cond_sample,9.847935676574707,0,1
33,cond_topk_rescore,12.693706512451172,0,1
33,gibbs,12.09577751159668,0,1
34,ground_truth,1.0011717677116394e-08,1,1
34,untouched,6.707353115081787,0,1
34,random_token,9.323836326599121,0,1
34,cond_argmax,6.792239665985107,0,1
34,cond_sample,6.490531921386719,0,1
34,cond_topk_rescore,2.7518746852874756,0,1
34,gibbs,1.5433987379074097,0,1
35,ground_truth,4.336897063694778e-09,1,1
35,untouched,4.696961402893066,0,1
35,random_token,86.7591781616211,0,1
35,cond_argmax,151.0335235595703,0,1
35,cond_sample,151.16574096679688,0,1
35,cond_topk_rescore,151.07107543945312,0,1
35,gibbs,4.696961402893066,0,1
36,ground_truth,-4.3250452108622994e-09,1,1
36,untouched,2.4074180126190186,0,1
36,random_token,10.11153793334961,0,1
36,cond_argmax,-4.3250452108622994e-09,1,1
36,cond_sample,-4.3250452108622994e-09,1,1
36,cond_topk_rescore,-4.3250452108622994e-09,1,1
36,gibbs,2.4074180126190186,0,1
37,ground_truth,-1.1263808552541832e-08,1,1
37,untouched,9.512504577636719,0,1
37,random_token,7.039225101470947,0,1
37,cond_argmax,79.46322631835938,0,1
37,cond_sample,79.08897399902344,0,1
37,cond_topk_rescore,76.79911041259766,0,1
37,gibbs,9.512504577636719,0,1
38,ground_truth,-9.42543465498602e-09,1,1
38,untouched,12.326250076293945,0,1
38,random_token,0.2335318922996521,0,1
38,cond_argmax,87.1971206665039,0,1
38,cond_sample,87.71475982666016,0,1
38,cond_topk_rescore,85.76979064941406,0,1
38,gibbs,12.326250076293945,0,1
39,ground_truth,2.607646365504479e-08,1,1
39,untouched,7.750294208526611,0,1
39,random_token,10.418266296386719,0,1
39,cond_argmax,9.345784187316895,0,1
39,cond_sample,15.776862144470215,0,1
39,cond_topk_rescore,8.233590126037598,0,1
39,gibbs,7.750294208526611,0,1
40,ground_truth,-2.928516096289968e-08,1,1
40,untouched,6.113395690917969,0,1
40,random_token,9.564299583435059,0,1
40,cond_argmax,2.398033618927002,0,1
40,cond_sample,0.7434860467910767,0,1
40,cond_topk_rescore,1.5591295957565308,0,1
40,gibbs,6.113395690917969,0,1
41,ground_truth,2.957290234917309e-08,1,1
41,untouched,2.0066070556640625,0,1
41,random_token,6.988874435424805,0,1
41,cond_argmax,0.029191454872488976,0,1
41,cond_sample,11.712821006774902,0,1
41,cond_topk_rescore,8.742603302001953,0,1
41,gibbs,2.0066070556640625,0,1
42,ground_truth,1.502569801914433e-08,1,1
42,untouched,3.2695682048797607,0,1
42,random_token,2.999866485595703,0,1
42,cond_argmax,0.0032628425396978855,0,1
42,cond_sample,0.010356925427913666,0,1
42,cond_topk_rescore,0.0032628425396978855,0,1
42,gibbs,0.004364347085356712,0,1
43,ground_truth,1.0081566870212555e-07,1,1
43,untouched,1.3023560047149658,0,1
43,random_token,3.428788185119629,0,1
43,cond_argmax,55.05574035644531,0,1
43,cond_sample,56.02848434448242,0,1
43,cond_topk_rescore,55.05574035644531,0,1
43,gibbs,1.3023560047149658,0,1
44,ground_truth,-4.560547495202627e-08,1,1
44,untouched,6.644761085510254,0,1
44,random_token,2.3922195434570312,0,1
44,cond_argmax,7.226687431335449,0,1
44,cond_sample,0.04719697684049606,0,1
44,cond_topk_rescore,0.02918807789683342,0,1
44,gibbs,0.02918807789683342,0,1
45,ground_truth,8.35862010717392e-08,1,1
45,untouched,16.988109588623047,0,1
45,random_token,12.396677017211914,0,1
45,cond_argmax,4.028703689575195,0,1
45,cond_sample,4.028703689575195,0,1
45,cond_topk_rescore,13.445669174194336,0,1
45,gibbs,7.777569770812988,0,1
46,ground_truth,-5.2386894822120667e-08,1,1
46,untouched,2.7653393745422363,0,1
46,random_token,54.98821258544922,0,1
46,cond_argmax,27.459209442138672,0,1
46,cond_sample,0.9202651381492615,0,1
46,cond_topk_rescore,0.8713074922561646,0,1
46,gibbs,2.7653393745422363,0,1
47,ground_truth,-4.3939962779404595e-11,1,1
47,untouched,6.612471580505371,0,1
47,random_token,4.989825248718262,0,1
47,cond_argmax,2.3513574600219727,0,1
47,cond_sample,2.3513574600219727,0,1
47,cond_topk_rescore,2.3513574600219727,0,1
47,gibbs,2.3513574600219727,0,1
48,ground_truth,3.662125891423784e-08,1,1
48,untouched,19.135250091552734,0,1
48,random_token,6.06398344039917,0,1
48,cond_argmax,56.758914947509766,0,1
48,cond_sample,56.53322982788086,0,1
48,cond_topk_rescore,55.653221130371094,0,1
48,gibbs,19.135250091552734,0,1
49,ground_truth,1.378214165015379e-08,1,1
49,untouched,2.1304738521575928,0,1
49,random_token,3.8676743507385254,0,1
49,cond_argmax,8.59292221069336,0,1
49,cond_sample,8.59292221069336,0,1
49,cond_topk_rescore,9.653968811035156,0,1
49,gibbs,2.1304738521575928,0,1
50,ground_truth,-7.300286597455852e-09,1,1
50,untouched,12.036820411682129,0,1
50,random_token,16.867122650146484,0,1
50,cond_argmax,16.679584503173828,0,1
50,cond_sample,16.679584503173828,0,1
50,cond_topk_rescore,18.401216506958008,0,1
50,gibbs,19.850542068481445,0,1
51,ground_truth,0.0,1,1
51,untouched,5.876978874206543,0,1
51,random_token,6.924994468688965,0,1
51,cond_argmax,12.902210235595703,0,1
51,cond_sample,12.902210235595703,0,1
51,cond_topk_rescore,0.7066168189048767,0,1
51,gibbs,6.249612808227539,0,1
52,ground_truth,2.072064830827003e-08,1,1
52,untouched,5.732483863830566,0,1
52,random_token,8.229743957519531,0,1
52,cond_argmax,2.447704553604126,0,1
52,cond_sample,1.6198527812957764,0,1
52,cond_topk_rescore,2.0362298488616943,0,1
52,gibbs,2.447704553604126,0,1
53,ground_truth,2.8496856430137996e-08,1,1
53,untouched,7.858381748199463,0,1
53,random_token,1.173654556274414,0,1
53,cond_argmax,0.10488035529851913,0,1
53,cond_sample,0.12824256718158722,0,1
53,cond_topk_rescore,0.10488035529851913,0,1
53,gibbs,0.10488035529851913,0,1
54,ground_truth,-1.6834320604175446e-09,1,1
54,untouched,11.853970527648926,0,1
54,random_token,7.703605651855469,0,1
54,cond_argmax,15.490337371826172,0,1
54,cond_sample,0.15922494232654572,0,1
54,cond_topk_rescore,0.15922494232654572,0,1
54,gibbs,12.933101654052734,0,1
55,ground_truth,-1.6763806343078613e-08,1,1
55,untouched,7.701378345489502,0,1
55,random_token,2.2963786125183105,0,1
55,cond_argmax,2.5242440700531006,0,1
55,cond_sample,4.310935974121094,0,1
55,cond_topk_rescore,3.5690360069274902,0,1
55,gibbs,4.713757514953613,0,1
56,ground_truth,-2.6402994990348816e-07,1,1
56,untouched,0.3012448251247406,0,1
56,random_token,3.4580020904541016,0,1
56,cond_argmax,12.93880844116211,0,1
56,cond_sample,12.93880844116211,0,1
56,cond_topk_rescore,5.042383670806885,0,1
56,gibbs,0.3012448251247406,0,1
57,ground_truth,-1.2806071936211083e-07,1,1
57,untouched,13.595762252807617,0,1
57,random_token,6.684291362762451,0,1
57,cond_argmax,17.984649658203125,0,1
57,cond_sample,14.075885772705078,0,1
57,cond_topk_rescore,13.83872127532959,0,1
57,gibbs,17.564611434936523,0,1
58,ground_truth,9.099494491238147e-10,1,1
58,untouched,2.8006691932678223,0,1
58,random_token,8.976727485656738,0,1
58,cond_argmax,12.673279762268066,0,1
58,cond_sample,12.673279762268066,0,1
58,cond_topk_rescore,1.7493793964385986,0,1
58,gibbs,1.7493793964385986,0,1
59,ground_truth,3.7087200865926206e-08,1,1
59,untouched,9.04119873046875,0,1
59,random_token,6.4983110427856445,0,1
59,cond_argmax,10.603271484375,0,1
59,cond_sample,8.058924674987793,0,1
59,cond_topk_rescore,3.7087200865926206e-08,1,1
59,gibbs,9.04119873046875,0,1
60,ground_truth,9.685585666829866e-13,1,1
60,untouched,12.603374481201172,0,1
60,random_token,10.0516357421875,0,1
60,cond_argmax,9.685585666829866e-13,1,1
60,cond_sample,6.0953450202941895,0,1
60,cond_topk_rescore,9.685585666829866e-13,1,1
60,gibbs,12.049890518188477,0,1
61,ground_truth,-2.523285047573154e-07,1,1
61,untouched,3.5007004737854004,0,1
61,random_token,15.476516723632812,0,1
61,cond_argmax,4.5062127113342285,0,1
61,cond_sample,4.5340576171875,0,1
61,cond_topk_rescore,4.4218339920043945,0,1
61,gibbs,0.34092965722084045,0,1
62,ground_truth,-1.7152956388599705e-08,1,1
62,untouched,18.007568359375,0,1
62,random_token,21.668195724487305,0,1
62,cond_argmax,3.9013266563415527,0,1
62,cond_sample,147.27149963378906,0,1
62,cond_topk_rescore,3.1792502403259277,0,1
62,gibbs,3.0154531002044678,0,1
63,ground_truth,1.1641532182693481e-09,1,1
63,untouched,7.766724586486816,0,1
63,random_token,2.8090882301330566,0,1
63,cond_argmax,6.477399826049805,0,1
63,cond_sample,4.862362384796143,0,1
63,cond_topk_rescore,0.2803102433681488,0,1
63,gibbs,1.0002225637435913,0,1
64,ground_truth,2.9797067924164367e-08,1,1
64,untouched,7.764560222625732,0,1
64,random_token,9.47592544555664,0,1
64,cond_argmax,9.698037147521973,0,1
64,cond_sample,9.61782455444336,0,1
64,cond_topk_rescore,2.9797067924164367e-08,1,1
64,gibbs,1.8601422309875488,0,1
65,ground_truth,7.551079761469737e-10,1,1
65,untouched,3.160886287689209,0,1
65,random_token,7.928178787231445,0,1
65,cond_argmax,7.551079761469737e-10,1,1
65,cond_sample,7.551079761469737e-10,1,1
65,cond_topk_rescore,7.551079761469737e-10,1,1
65,gibbs,7.551079761469737e-10,1,1
66,ground_truth,5.959918780717999e-08,1,1
66,untouched,26.205425262451172,0,1
66,random_token,5.681786060333252,0,1
66,cond_argmax,176.01779174804688,0,1
66,cond_sample,175.99588012695312,0,1
66,cond_topk_rescore,175.9580078125,0,1
66,gibbs,26.205425262451172,0,1
67,ground_truth,-2.850129021680914e-10,1,1
67,untouched,31.34511375427246,0,1
67,random_token,14.02330493927002,0,1
67,cond_argmax,0.3289302885532379,0,1
67,cond_sample,16.771223068237305,0,1
67,cond_topk_rescore,0.20766836404800415,0,1
67,gibbs,0.3289302885532379,0,1
68,ground_truth,-1.6298145055770874e-08,1,1
68,untouched,6.378744125366211,0,1
68,random_token,8.859731674194336,0,1
68,cond_argmax,-1.6298145055770874e-08,1,1
68,cond_sample,-1.6298145055770874e-08,1,1
68,cond_topk_rescore,0.2485802173614502,0,1
68,gibbs,0.2485802173614502,0,1
69,ground_truth,-2.0251081878086552e-07,1,1
69,untouched,4.703925132751465,0,1
69,random_token,3.204692840576172,0,1
69,cond_argmax,8.866931915283203,0,1
69,cond_sample,8.348129272460938,0,1
69,cond_topk_rescore,0.28113895654678345,0,1
69,gibbs,3.677603006362915,0,1
70,ground_truth,3.408558768569492e-09,1,1
70,untouched,14.7117338180542,0,1
70,random_token,1.2420302629470825,0,1
70,cond_argmax,13.699780464172363,0,1
70,cond_sample,13.707521438598633,0,1
70,cond_topk_rescore,13.684328079223633,0,1
70,gibbs,14.7117338180542,0,1
71,ground_truth,1.4904117051628418e-08,1,1
71,untouched,0.006603837013244629,0,1
71,random_token,0.026305370032787323,0,1
71,cond_argmax,7.495279788970947,0,1
71,cond_sample,7.495279788970947,0,1
71,cond_topk_rescore,7.495279788970947,0,1
71,gibbs,7.495279788970947,0,1
72,ground_truth,5.123411028762348e-09,1,1
72,untouched,43.24797821044922,0,1
72,random_token,18.743894577026367,0,1
72,cond_argmax,23.103092193603516,0,1
72,cond_sample,23.103092193603516,0,1
72,cond_topk_rescore,9.437322616577148,0,1
72,gibbs,12.177752494812012,0,1
73,ground_truth,1.1082738637924194e-07,1,1
73,untouched,13.677830696105957,0,1
73,random_token,19.23979377746582,0,1
73,cond_argmax,1.1082738637924194e-07,1,1
73,cond_sample,1.1082738637924194e-07,1,1
73,cond_topk_rescore,1.1082738637924194e-07,1,1
73,gibbs,1.1082738637924194e-07,1,1
74,ground_truth,2.264901287352128e-11,1,1
74,untouched,7.798038482666016,0,1
74,random_token,13.270281791687012,0,1
74,cond_argmax,6.6498494148254395,0,1
74,cond_sample,4.512179851531982,0,1
74,cond_topk_rescore,7.325404167175293,0,1
74,gibbs,4.512179851531982,0,1
75,ground_truth,-3.734703568625264e-08,1,1
75,untouched,3.407109260559082,0,1
75,random_token,0.5934543609619141,0,1
75,cond_argmax,5.796572685241699,0,1
75,cond_sample,4.188482761383057,0,1
75,cond_topk_rescore,3.0729188919067383,0,1
75,gibbs,1.0271635055541992,0,1
76,ground_truth,4.664748587401846e-10,1,1
76,untouched,3.0844361782073975,0,1
76,random_token,45.952537536621094,0,1
76,cond_argmax,150.22305297851562,0,1
76,cond_sample,150.28982543945312,0,1
76,cond_topk_rescore,150.09878540039062,0,1
76,gibbs,3.0844361782073975,0,1
77,ground_truth,1.2293457984924316e-07,1,1
77,untouched,0.09395091980695724,0,1
77,random_token,0.013378666713833809,0,1
77,cond_argmax,0.03561338409781456,0,1
77,cond_sample,0.03581399470567703,0,1
77,cond_topk_rescore,0.03563586249947548,0,1
77,gibbs,0.09395091980695724,0,1
78,ground_truth,2.2351741790771484e-08,1,1
78,untouched,0.005372493527829647,0,1
78,random_token,4.453553199768066,0,1
78,cond_argmax,0.03205108642578125,0,1
78,cond_sample,0.032030463218688965,0,1
78,cond_topk_rescore,0.031993985176086426,0,1
78,gibbs,0.005372493527829647,0,1
79,ground_truth,2.8330999768400034e-08,1,1
79,untouched,7.68110466003418,0,1
79,random_token,7.08150577545166,0,1
79,cond_argmax,8.134398460388184,0,1
79,cond_sample,5.7737555503845215,0,1
79,cond_topk_rescore,0.16358375549316406,0,1
79,gibbs,7.68110466003418,0,1
80,ground_truth,-6.361176474456443e-08,1,1
80,untouched,26.310123443603516,0,1
80,random_token,16.148792266845703,0,1
80,cond_argmax,16.877422332763672,0,1
80,cond_sample,16.877422332763672,0,1
80,cond_topk_rescore,5.775669574737549,0,1
80,gibbs,15.506193161010742,0,1
81,ground_truth,-3.058175934711471e-11,1,1
81,untouched,0.01018059067428112,0,1
81,random_token,0.016811806708574295,0,1
81,cond_argmax,-3.058175934711471e-11,1,1
81,cond_sample,0.21989193558692932,0,1
81,cond_topk_rescore,-3.058175934711471e-11,1,1
81,gibbs,0.01018059067428112,0,1
82,ground_truth,2.3748725652694702e-08,1,1
82,untouched,33.92749786376953,0,1
82,random_token,12.861410140991211,0,1
82,cond_argmax,12.051013946533203,0,1
82,cond_sample,12.051013946533203,0,1
82,cond_topk_rescore,6.815042495727539,0,1
82,gibbs,12.051013946533203,0,1
83,ground_truth,-3.241002559661865e-07,1,1
83,untouched,0.13087044656276703,0,1
83,random_token,6.685726165771484,0,1
83,cond_argmax,0.09276863932609558,0,1
83,cond_sample,0.09290598332881927,0,1
83,cond_topk_rescore,0.09261761605739594,0,1
83,gibbs,0.13087044656276703,0,1
84,ground_truth,-3.644464287647087e-15,1,1
84,untouched,0.15268301963806152,0,1
84,random_token,0.005888661369681358,0,1
84,cond_argmax,0.038550399243831635,0,1
84,cond_sample,0.03860355168581009,0,1
84,cond_topk_rescore,0.038444940000772476,0,1
84,gibbs,0.15268301963806152,0,1
85,ground_truth,-1.865112153609516e-08,1,1
85,untouched,0.4413534104824066,0,1
85,random_token,19.266464233398438,0,1
85,cond_argmax,30.05353355407715,0,1
85,cond_sample,30.05353355407715,0,1
85,cond_topk_rescore,17.9976749420166,0,1
85,gibbs,0.4413534104824066,0,1
86,ground_truth,-1.5366822481155396e-08,1,1
86,untouched,13.523679733276367,0,1
86,random_token,10.222533226013184,0,1
86,cond_argmax,15.122042655944824,0,1
86,cond_sample,15.122042655944824,0,1
86,cond_topk_rescore,-1.5366822481155396e-08,1,1
86,gibbs,14.663289070129395,0,1
87,ground_truth,1.5529803931713104e-07,1,1
87,untouched,17.22283363342285,0,1
87,random_token,8.910261154174805,0,1
87,cond_argmax,21.54464340209961,0,1
87,cond_sample,21.54464340209961,0,1
87,cond_topk_rescore,1.5529803931713104e-07,1,1
87,gibbs,11.522202491760254,0,1
88,ground_truth,2.7939677238464355e-09,1,1
88,untouched,12.691943168640137,0,1
88,random_token,16.39828109741211,0,1
88,cond_argmax,15.287049293518066,0,1
88,cond_sample,15.076393127441406,0,1
88,cond_topk_rescore,2.7939677238464355e-09,1,1
88,gibbs,15.076393127441406,0,1
89,ground_truth,-2.1326854948711116e-08,1,1
89,untouched,5.481344223022461,0,1
89,random_token,3.3719160556793213,0,1
89,cond_argmax,23.978084564208984,0,1
89,cond_sample,23.978084564208984,0,1
89,cond_topk_rescore,1.0964186191558838,0,1
89,gibbs,5.481344223022461,0,1
90,ground_truth,7.45765227350148e-09,1,1
90,untouched,16.23214340209961,0,1
90,random_token,6.2840776443481445,0,1
90,cond_argmax,0.10114798694849014,0,1
90,cond_sample,0.10117267072200775,0,1
90,cond_topk_rescore,0.10115336626768112,0,1
90,gibbs,16.23214340209961,0,1
91,ground_truth,-7.470398744047202e-10,1,1
91,untouched,3.283130407333374,0,1
91,random_token,6.695517539978027,0,1
91,cond_argmax,0.1978226900100708,0,1
91,cond_sample,5.868747234344482,0,1
91,cond_topk_rescore,0.2266397625207901,0,1
91,gibbs,0.2266397625207901,0,1
92,ground_truth,-2.6385578166809864e-08,1,1
92,untouched,3.198742628097534,0,1
92,random_token,3.0686707496643066,0,1
92,cond_argmax,142.73487854003906,0,1
92,cond_sample,142.77679443359375,0,1
92,cond_topk_rescore,142.73487854003906,0,1
92,gibbs,3.198742628097534,0,1
93,ground_truth,8.987262845039368e-08,1,1
93,untouched,0.05651799589395523,0,1
93,random_token,9.779949188232422,0,1
93,cond_argmax,0.3359900712966919,0,1
93,cond_sample,0.33598190546035767,0,1
93,cond_topk_rescore,0.33594340085983276,0,1
93,gibbs,0.05651799589395523,0,1
94,ground_truth,-6.333229407573526e-08,1,1
94,untouched,5.369313716888428,0,1
94,random_token,8.068154335021973,0,1
94,cond_argmax,143.79458618164062,0,1
94,cond_sample,143.79461669921875,0,1
94,cond_topk_rescore,143.68783569335938,0,1
94,gibbs,5.369313716888428,0,1
95,ground_truth,1.7408340394209354e-13,1,1
95,untouched,0.02598433569073677,0,1
95,random_token,0.012922006659209728,0,1
95,cond_argmax,0.00602051243185997,0,1
95,cond_sample,0.00602051243185997,0,1
95,cond_topk_rescore,0.5533215403556824,0,1
95,gibbs,0.008092153817415237,0,1
96,ground_truth,2.2351741790771484e-08,1,1
96,untouched,0.7582073211669922,0,1
96,random_token,0.7505308985710144,0,1
96,cond_argmax,0.004034497309476137,0,1
96,cond_sample,0.9345371127128601,0,1
96,cond_topk_rescore,13.411965370178223,0,1
96,gibbs,0.7582073211669922,0,1
97,ground_truth,0.0,1,1
97,untouched,17.162918090820312,0,1
97,random_token,15.375884056091309,0,1
97,cond_argmax,4.452451705932617,0,1
97,cond_sample,6.892271518707275,0,1
97,cond_topk_rescore,6.175139427185059,0,1
97,gibbs,5.761680603027344,0,1
98,ground_truth,-1.8579885363578796e-07,1,1
98,untouched,3.707362651824951,0,1
98,random_token,3.719057083129883,0,1
98,cond_argmax,4.506431579589844,0,1
98,cond_sample,4.506431579589844,0,1
98,cond_topk_rescore,4.506431579589844,0,1
98,gibbs,4.506431579589844,0,1
99,ground_truth,-4.656635610444937e-08,1,1
99,untouched,3.6688926219940186,0,1
99,random_token,4.429976463317871,0,1
99,cond_argmax,8.195608139038086,0,1
99,cond_sample,6.115762233734131,0,1
99,cond_topk_rescore,4.08720588684082,0,1
99,gibbs,3.6688926219940186,0,1
100,ground_truth,2.8421709430404007e-11,1,1
100,untouched,4.914311408996582,0,1
100,random_token,26.417011260986328,0,1
100,cond_argmax,22.505558013916016,0,1
100,cond_sample,25.745790481567383,0,1
100,cond_topk_rescore,30.364604949951172,0,1
100,gibbs,31.701993942260742,0,1
101,ground_truth,2.3283064365386963e-08,1,1
101,untouched,4.321357727050781,0,1
101,random_token,6.414585113525391,0,1
101,cond_argmax,3.6986923217773438,0,1
101,cond_sample,3.6986923217773438,0,1
101,cond_topk_rescore,2.3283064365386963e-08,1,1
101,gibbs,4.321357727050781,0,1
102,ground_truth,-8.458300726488233e-10,1,1
102,untouched,0.183367520570755,0,1
102,random_token,3.2919387817382812,0,1
102,cond_argmax,1.2578502893447876,0,1
102,cond_sample,1.2572396993637085,0,1
102,cond_topk_rescore,1.2549480199813843,0,1
102,gibbs,0.183367520570755,0,1
103,ground_truth,-8.777715265750885e-08,1,1
103,untouched,9.315183639526367,0,1
103,random_token,16.929651260375977,0,1
103,cond_argmax,135.7884521484375,0,1
103,cond_sample,136.228759765625,0,1
103,cond_topk_rescore,135.7042999267578,0,1
103,gibbs,9.315183639526367,0,1
104,ground_truth,-8.338218065843201e-21,1,1
104,untouched,2.9189884662628174,0,1
104,random_token,0.013437958434224129,0,1
104,cond_argmax,21.597896575927734,0,1
104,cond_sample,21.597896575927734,0,1
104,cond_topk_rescore,17.224597930908203,0,1
104,gibbs,2.9189884662628174,0,1
105,ground_truth,7.078051567077637e-08,1,1
105,untouched,0.8008403778076172,0,1
105,random_token,2.3542137145996094,0,1
105,cond_argmax,3.727602005004883,0,1
105,cond_sample,2.3439090251922607,0,1
105,cond_topk_rescore,3.446486234664917,0,1
105,gibbs,0.8008403778076172,0,1
106,ground_truth,-5.9371814131736755e-08,1,1
106,untouched,10.954621315002441,0,1
106,random_token,7.596808433532715,0,1
106,cond_argmax,4.601917266845703,0,1
106,cond_sample,2.990751028060913,0,1
106,cond_topk_rescore,3.0685014724731445,0,1
106,gibbs,2.623607635498047,0,1
107,ground_truth,-1.3082285477139521e-08,1,1
107,untouched,8.546247482299805,0,1
107,random_token,10.95443344116211,0,1
107,cond_argmax,-1.3082285477139521e-08,1,1
107,cond_sample,-1.3082285477139521e-08,1,1
107,cond_topk_rescore,-1.3082285477139521e-08,1,1
107,gibbs,4.410396575927734,0,1
108,ground_truth,3.352752031560158e-08,1,1
108,untouched,7.177926063537598,0,1
108,random_token,4.084741592407227,0,1
108,cond_argmax,4.091590404510498,0,1
108,cond_sample,5.380522727966309,0,1
108,cond_topk_rescore,4.571255683898926,0,1
108,gibbs,5.380522727966309,0,1
109,ground_truth,-3.6742085285368375e-07,1,1
109,untouched,28.944042205810547,0,1
109,random_token,25.252197265625,0,1
109,cond_argmax,0.2797173857688904,0,1
109,cond_sample,0.25744709372520447,0,1
109,cond_topk_rescore,0.22821715474128723,0,1
109,gibbs,28.944042205810547,0,1
110,ground_truth,-2.279671207361389e-08,1,1
110,untouched,4.588171482086182,0,1
110,random_token,4.981165409088135,0,1
110,cond_argmax,26.89278793334961,0,1
110,cond_sample,1.4942049980163574,0,1
110,cond_topk_rescore,2.2117691040039062,0,1
110,gibbs,4.588171482086182,0,1
111,ground_truth,-4.19691104786013e-12,1,1
111,untouched,0.03485956788063049,0,1
111,random_token,0.046195369213819504,0,1
111,cond_argmax,9.407502174377441,0,1
111,cond_sample,20.924734115600586,0,1
111,cond_topk_rescore,10.921302795410156,0,1
111,gibbs,9.407502174377441,0,1
112,ground_truth,-2.9801872969414944e-08,1,1
112,untouched,5.025185585021973,0,1
112,random_token,6.169303894042969,0,1
112,cond_argmax,11.262947082519531,0,1
112,cond_sample,11.262947082519531,0,1
112,cond_topk_rescore,-2.9801872969414944e-08,1,1
112,gibbs,5.025185585021973,0,1
113,ground_truth,-2.279671207361389e-08,1,1
113,untouched,4.624292850494385,0,1
113,random_token,10.704148292541504,0,1
113,cond_argmax,26.89278793334961,0,1
113,cond_sample,1.0497409105300903,0,1
113,cond_topk_rescore,2.2117691040039062,0,1
113,gibbs,4.624292850494385,0,1
114,ground_truth,-4.6566128730773926e-09,1,1
114,untouched,21.554899215698242,0,1
114,random_token,14.922768592834473,0,1
114,cond_argmax,18.79723358154297,0,1
114,cond_sample,13.083368301391602,0,1
114,cond_topk_rescore,13.083368301391602,0,1
114,gibbs,9.977091789245605,0,1
115,ground_truth,-8.89413058757782e-08,1,1
115,untouched,9.064404487609863,0,1
115,random_token,9.484451293945312,0,1
115,cond_argmax,7.902027130126953,0,1
115,cond_sample,7.902027130126953,0,1
115,cond_topk_rescore,5.376866817474365,0,1
115,gibbs,5.310414791107178,0,1
116,ground_truth,-4.843059286940843e-10,1,1
116,untouched,11.554861068725586,0,1
116,random_token,9.839126586914062,0,1
116,cond_argmax,8.49522590637207,0,1
116,cond_sample,8.49522590637207,0,1
116,cond_topk_rescore,4.114779949188232,0,1
116,gibbs,11.420446395874023,0,1
117,ground_truth,1.0569172559371509e-07,1,1
117,untouched,1.4932589530944824,0,1
117,random_token,2.992607593536377,0,1
117,cond_argmax,8.616948127746582,0,1
117,cond_sample,8.616948127746582,0,1
117,cond_topk_rescore,1.0569172559371509e-07,1,1
117,gibbs,1.4932589530944824,0,1
118,ground_truth,6.821210263296962e-13,1,1
118,untouched,0.00869358703494072,0,1
118,random_token,0.8186110854148865,0,1
118,cond_argmax,24.471790313720703,0,1
118,cond_sample,24.471790313720703,0,1
118,cond_topk_rescore,15.499753952026367,0,1
118,gibbs,29.77086067199707,0,1
119,ground_truth,-2.2278072719927877e-08,1,1
119,untouched,10.789525032043457,0,1
119,random_token,9.438016891479492,0,1
119,cond_argmax,116.881591796875,0,1
119,cond_sample,117.70726776123047,0,1
119,cond_topk_rescore,115.36934661865234,0,1
119,gibbs,10.789525032043457,0,1
120,ground_truth,-4.1023952235264005e-08,1,1
120,untouched,3.0563955307006836,0,1
120,random_token,9.163495063781738,0,1
120,cond_argmax,14.435440063476562,0,1
120,cond_sample,14.435440063476562,0,1
120,cond_topk_rescore,6.028739929199219,0,1
120,gibbs,3.0563955307006836,0,1
121,ground_truth,7.241033017635345e-08,1,1
121,untouched,22.191797256469727,0,1
121,random_token,8.826549530029297,0,1
121,cond_argmax,22.74986457824707,0,1
121,cond_sample,22.74986457824707,0,1
121,cond_topk_rescore,3.255922317504883,0,1
121,gibbs,22.191797256469727,0,1
122,ground_truth,-3.725290298461914e-09,1,1
122,untouched,12.50330638885498,0,1
122,random_token,10.169794082641602,0,1
122,cond_argmax,10.711292266845703,0,1
122,cond_sample,9.609725952148438,0,1
122,cond_topk_rescore,7.454212665557861,0,1
122,gibbs,12.50330638885498,0,1
123,ground_truth,-3.67872416973114e-08,1,1
123,untouched,3.3603274822235107,0,1
123,random_token,4.48874044418335,0,1
123,cond_argmax,2.4572694301605225,0,1
123,cond_sample,2.4572694301605225,0,1
123,cond_topk_rescore,-3.67872416973114e-08,1,1
123,gibbs,3.3603274822235107,0,1
124,ground_truth,-1.5366822481155396e-08,1,1
124,untouched,1.598761796951294,0,1
124,random_token,4.800278663635254,0,1
124,cond_argmax,-1.5366822481155396e-08,1,1
124,cond_sample,12.538679122924805,0,1
124,cond_topk_rescore,7.4589667320251465,0,1
124,gibbs,1.598761796951294,0,1
125,ground_truth,-8.66129994392395e-08,1,1
125,untouched,7.951542377471924,0,1
125,random_token,7.20565128326416,0,1
125,cond_argmax,-8.66129994392395e-08,1,1
125,cond_sample,-8.66129994392395e-08,1,1
125,cond_topk_rescore,-8.66129994392395e-08,1,1
125,gibbs,-8.66129994392395e-08,1,1
126,ground_truth,-1.583246955760842e-08,1,1
126,untouched,4.975504398345947,0,1
126,random_token,3.3767294883728027,0,1
126,cond_argmax,159.60861206054688,0,1
126,cond_sample,159.52310180664062,0,1
126,cond_topk_rescore,159.60861206054688,0,1
126,gibbs,4.975504398345947,0,1
127,ground_truth,-4.470348358154297e-08,1,1
127,untouched,9.313282012939453,0,1
127,random_token,7.827108383178711,0,1
127,cond_argmax,6.438437461853027,0,1
127,cond_sample,6.438437461853027,0,1
127,cond_topk_rescore,-4.470348358154297e-08,1,1
127,gibbs,9.313282012939453,0,1
128,ground_truth,4.400499165058136e-08,1,1
128,untouched,4.6479315757751465,0,1
128,random_token,4.536367893218994,0,1
128,cond_argmax,4.349929332733154,0,1
128,cond_sample,4.349929332733154,0,1
128,cond_topk_rescore,4.400499165058136e-08,1,1
128,gibbs,4.6479315757751465,0,1
129,ground_truth,-1.862645149230957e-08,1,1
129,untouched,12.283964157104492,0,1
129,random_token,8.592230796813965,0,1
129,cond_argmax,15.72773551940918,0,1
129,cond_sample,15.72773551940918,0,1
129,cond_topk_rescore,20.96784019470215,0,1
129,gibbs,12.283964157104492,0,1
130,ground_truth,-3.257075320561853e-08,1,1
130,untouched,3.448469877243042,0,1
130,random_token,3.474912166595459,0,1
130,cond_argmax,-3.257075320561853e-08,1,1
130,cond_sample,4.539604187011719,0,1
130,cond_topk_rescore,-3.257075320561853e-08,1,1
130,gibbs,-3.257075320561853e-08,1,1
131,ground_truth,-2.2351741790771484e-08,1,1
131,untouched,8.841802597045898,0,1
131,random_token,8.051385879516602,0,1
131,cond_argmax,13.605602264404297,0,1
131,cond_sample,13.605602264404297,0,1
131,cond_topk_rescore,-2.2351741790771484e-08,1,1
131,gibbs,13.605602264404297,0,1
132,ground_truth,2.561137080192566e-09,1,1
132,untouched,6.997857093811035,0,1
132,random_token,10.108820915222168,0,1
132,cond_argmax,11.705037117004395,0,1
132,cond_sample,8.942012786865234,0,1
132,cond_topk_rescore,7.266437530517578,0,1
132,gibbs,8.07301139831543,0,1
133,ground_truth,4.470723524718778e-08,1,1
133,untouched,9.187885284423828,0,1
133,random_token,17.90724754333496,0,1
133,cond_argmax,15.424073219299316,0,1
133,cond_sample,16.891326904296875,0,1
133,cond_topk_rescore,15.424073219299316,0,1
133,gibbs,9.187885284423828,0,1
134,ground_truth,-1.4938041914547284e-08,1,1
134,untouched,7.425611972808838,0,1
134,random_token,7.636585235595703,0,1
134,cond_argmax,0.01085704006254673,0,1
134,cond_sample,0.040521398186683655,0,1
134,cond_topk_rescore,24.476295471191406,0,1
134,gibbs,7.425611972808838,0,1
135,ground_truth,7.450569494693582e-09,1,1
135,untouched,0.0037680550012737513,0,1
135,random_token,0.004561129957437515,0,1
135,cond_argmax,0.013356877490878105,0,1
135,cond_sample,0.013392224907875061,0,1
135,cond_topk_rescore,0.013229307718575,0,1
135,gibbs,0.0037680550012737513,0,1
136,ground_truth,-2.7939677238464355e-09,1,1
136,untouched,5.181898593902588,0,1
136,random_token,6.97341775894165,0,1
136,cond_argmax,5.333894729614258,0,1
136,cond_sample,5.333894729614258,0,1
136,cond_topk_rescore,5.333894729614258,0,1
136,gibbs,9.739184379577637,0,1
137,ground_truth,5.005790626455564e-08,1,1
137,untouched,11.07050609588623,0,1
137,random_token,19.96620750427246,0,1
137,cond_argmax,134.8560791015625,0,1
137,cond_sample,134.65853881835938,0,1
137,cond_topk_rescore,134.54815673828125,0,1
137,gibbs,11.07050609588623,0,1
138,ground_truth,-1.4193233255355153e-08,1,1
138,untouched,7.821236610412598,0,1
138,random_token,3.1491289138793945,0,1
138,cond_argmax,1.6585910320281982,0,1
138,cond_sample,1.6585910320281982,0,1
138,cond_topk_rescore,9.530381202697754,0,1
138,gibbs,9.571866035461426,0,1
139,ground_truth,-3.464607445380352e-08,1,1
139,untouched,3.9591593742370605,0,1
139,random_token,4.899359703063965,0,1
139,cond_argmax,3.3361268043518066,0,1
139,cond_sample,3.3361268043518066,0,1
139,cond_topk_rescore,-3.464607445380352e-08,1,1
139,gibbs,5.279000759124756,0,1
140,ground_truth,-2.9712396099057514e-08,1,1
140,untouched,9.410958290100098,0,1
140,random_token,1.0787304639816284,0,1
140,cond_argmax,1.9936097860336304,0,1
140,cond_sample,1.4422030448913574,0,1
140,cond_topk_rescore,0.17049071192741394,0,1
140,gibbs,0.17049071192741394,0,1
141,ground_truth,-8.877577784005553e-09,1,1
141,untouched,12.62867546081543,0,1
141,random_token,11.504789352416992,0,1
141,cond_argmax,10.850013732910156,0,1
141,cond_sample,10.850013732910156,0,1
141,cond_topk_rescore,0.0693768560886383,0,1
141,gibbs,0.0693768560886383,0,1
142,ground_truth,7.988774086697958e-10,1,1
142,untouched,4.930222988128662,0,1
142,random_token,1.5940346717834473,0,1
142,cond_argmax,0.23287333548069,0,1
142,cond_sample,0.2924277186393738,0,1
142,cond_topk_rescore,0.1342005878686905,0,1
142,gibbs,4.930222988128662,0,1
143,ground_truth,1.1408701539039612e-08,1,1
143,untouched,14.341730117797852,0,1
143,random_token,7.551015377044678,0,1
143,cond_argmax,4.139348030090332,0,1
143,cond_sample,4.139348030090332,0,1
143,cond_topk_rescore,4.139348030090332,0,1
143,gibbs,4.139348030090332,0,1
144,ground_truth,1.182297637569718e-08,1,1
144,untouched,5.970961093902588,0,1
144,random_token,0.25773122906684875,0,1
144,cond_argmax,0.009161991998553276,0,1
144,cond_sample,0.006429086439311504,0,1
144,cond_topk_rescore,0.009161991998553276,0,1
144,gibbs,0.005720986519008875,0,1
145,ground_truth,-7.484750597086531e-09,1,1
145,untouched,5.803200721740723,0,1
145,random_token,3.7421116828918457,0,1
145,cond_argmax,3.606912136077881,0,1
145,cond_sample,3.606912136077881,0,1
145,cond_topk_rescore,-7.484750597086531e-09,1,1
145,gibbs,5.156888008117676,0,1
146,ground_truth,2.9802322387695312e-08,1,1
146,untouched,1.2322478294372559,0,1
146,random_token,3.1910693645477295,0,1
146,cond_argmax,0.10886672139167786,0,1
146,cond_sample,0.10886672139167786,0,1
146,cond_topk_rescore,0.10886672139167786,0,1
146,gibbs,0.13541989028453827,0,1
147,ground_truth,1.825392246246338e-07,1,1
147,untouched,0.007619132753461599,0,1
147,random_token,0.009385816752910614,0,1
147,cond_argmax,7.672270774841309,0,1
147,cond_sample,7.672270774841309,0,1
147,cond_topk_rescore,6.870841026306152,0,1
147,gibbs,0.009484240785241127,0,1
148,ground_truth,-2.0489096641540527e-08,1,1
148,untouched,2.77514386177063,0,1
148,random_token,9.408021926879883,0,1
148,cond_argmax,-2.0489096641540527e-08,1,1
148,cond_sample,-2.0489096641540527e-08,1,1
148,cond_topk_rescore,-2.0489096641540527e-08,1,1
148,gibbs,-2.0489096641540527e-08,1,1
149,ground_truth,-4.027992872579489e-08,1,1
149,untouched,4.375471115112305,0,1
149,random_token,2.2257418632507324,0,1
149,cond_argmax,3.09755277633667,0,1
149,cond_sample,2.6085166931152344,0,1
149,cond_topk_rescore,3.09755277633667,0,1
149,gibbs,2.363126516342163,0,1
150,ground_truth,-1.007265382213518e-10,1,1
150,untouched,0.3718908131122589,0,1
150,random_token,0.3387046158313751,0,1
150,cond_argmax,1.2921388149261475,0,1
150,cond_sample,1.2933402061462402,0,1
150,cond_topk_rescore,1.2867728471755981,0,1
150,gibbs,0.3718908131122589,0,1
151,ground_truth,2.9862942341196685e-08,1,1
151,untouched,6.816488265991211,0,1
151,random_token,4.078711032867432,0,1
151,cond_argmax,9.409292221069336,0,1
151,cond_sample,5.901016712188721,0,1
151,cond_topk_rescore,5.901016712188721,0,1
151,gibbs,9.409292221069336,0,1
152,ground_truth,1.0477378964424133e-08,1,1
152,untouched,10.296806335449219,0,1
152,random_token,9.146116256713867,0,1
152,cond_argmax,16.95178985595703,0,1
152,cond_sample,17.120691299438477,0,1
152,cond_topk_rescore,16.31905174255371,0,1
152,gibbs,10.296806335449219,0,1
153,ground_truth,3.0407682061195374e-07,1,1
153,untouched,0.027569785714149475,0,1
153,random_token,0.013424964621663094,0,1
153,cond_argmax,3.160384178161621,0,1
153,cond_sample,33.74781036376953,0,1
153,cond_topk_rescore,3.160384178161621,0,1
153,gibbs,3.160384178161621,0,1
154,ground_truth,-4.46789272245951e-11,1,1
154,untouched,16.77338981628418,0,1
154,random_token,8.796649932861328,0,1
154,cond_argmax,4.704479694366455,0,1
154,cond_sample,4.704479694366455,0,1
154,cond_topk_rescore,4.704479694366455,0,1
154,gibbs,9.607617378234863,0,1
155,ground_truth,6.376815520070522e-08,1,1
155,untouched,30.778078079223633,0,1
155,random_token,30.286577224731445,0,1
155,cond_argmax,11.322160720825195,0,1
155,cond_sample,8.826120376586914,0,1
155,cond_topk_rescore,9.595385551452637,0,1
155,gibbs,9.595385551452637,0,1
156,ground_truth,5.384428458654611e-10,1,1
156,untouched,2.314812660217285,0,1
156,random_token,1.0048224925994873,0,1
156,cond_argmax,1.397781252861023,0,1
156,cond_sample,1.397781252861023,0,1
156,cond_topk_rescore,0.5241247415542603,0,1
156,gibbs,1.397781252861023,0,1
157,ground_truth,3.210734575986862e-07,1,1
157,untouched,0.008004643954336643,0,1
157,random_token,6.388195037841797,0,1
157,cond_argmax,0.02535237930715084,0,1
157,cond_sample,0.02531883679330349,0,1
157,cond_topk_rescore,0.025091979652643204,0,1
157,gibbs,0.008004643954336643,0,1
158,ground_truth,-1.7881393432617188e-07,1,1
158,untouched,0.5363044738769531,0,1
158,random_token,0.005945408716797829,0,1
158,cond_argmax,0.02188063971698284,0,1
158,cond_sample,0.021902263164520264,0,1
158,cond_topk_rescore,0.021851416677236557,0,1
158,gibbs,0.5363044738769531,0,1
159,ground_truth,-7.101334631443024e-08,1,1
159,untouched,12.096881866455078,0,1
159,random_token,0.003163346089422703,0,1
159,cond_argmax,0.03264892101287842,0,1
159,cond_sample,0.032767441123723984,0,1
159,cond_topk_rescore,0.03248075395822525,0,1
159,gibbs,12.096881866455078,0,1
160,ground_truth,5.25033101439476e-08,1,1
160,untouched,0.15992769598960876,0,1
160,random_token,0.15658316016197205,0,1
160,cond_argmax,0.027279552072286606,0,1
160,cond_sample,0.027235260233283043,0,1
160,cond_topk_rescore,0.0272599458694458,0,1
160,gibbs,0.15992769598960876,0,1
161,ground_truth,6.590880730072968e-09,1,1
161,untouched,2.0502212047576904,0,1
161,random_token,1.7994452714920044,0,1
161,cond_argmax,11.146018981933594,0,1
161,cond_sample,11.16038703918457,0,1
161,cond_topk_rescore,11.137313842773438,0,1
161,gibbs,2.0502212047576904,0,1
162,ground_truth,1.7408340394209354e-13,1,1
162,untouched,0.008438891731202602,0,1
162,random_token,0.012027536518871784,0,1
162,cond_argmax,0.00602051243185997,0,1
162,cond_sample,0.008661385625600815,0,1
162,cond_topk_rescore,0.5533215403556824,0,1
162,gibbs,0.00602051243185997,0,1
163,ground_truth,-2.980232949312267e-08,1,1
163,untouched,10.500056266784668,0,1
163,random_token,5.960729598999023,0,1
163,cond_argmax,0.6055967211723328,0,1
163,cond_sample,0.6055967211723328,0,1
163,cond_topk_rescore,0.6055967211723328,0,1
163,gibbs,1.606786847114563,0,1
164,ground_truth,-3.725290298461914e-09,1,1
164,untouched,20.197723388671875,0,1
164,random_token,2.8835856914520264,0,1
164,cond_argmax,20.05034637451172,0,1
164,cond_sample,16.704652786254883,0,1
164,cond_topk_rescore,19.383155822753906,0,1
164,gibbs,24.771289825439453,0,1
165,ground_truth,7.450125849572942e-09,1,1
165,untouched,3.401376724243164,0,1
165,random_token,3.7662672996520996,0,1
165,cond_argmax,13.337909698486328,0,1
165,cond_sample,13.337909698486328,0,1
165,cond_topk_rescore,0.04134954884648323,0,1
165,gibbs,3.401376724243164,0,1
166,ground_truth,2.58477257375489e-08,1,1
166,untouched,31.442790985107422,0,1
166,random_token,5.392895698547363,0,1
166,cond_argmax,15.191241264343262,0,1
166,cond_sample,29.139209747314453,0,1
166,cond_topk_rescore,4.432103633880615,0,1
166,gibbs,3.440586805343628,0,1
167,ground_truth,-1.5143086784519255e-10,1,1
167,untouched,9.455245971679688,0,1
167,random_token,8.466753005981445,0,1
167,cond_argmax,3.246570587158203,0,1
167,cond_sample,7.725682258605957,0,1
167,cond_topk_rescore,-1.5143086784519255e-10,1,1
167,gibbs,12.925131797790527,0,1
168,ground_truth,-9.27657417548744e-09,1,1
168,untouched,5.011439323425293,0,1
168,random_token,2.863192081451416,0,1
168,cond_argmax,9.024303436279297,0,1
168,cond_sample,9.15325927734375,0,1
168,cond_topk_rescore,9.023736000061035,0,1
168,gibbs,5.011439323425293,0,1
169,ground_truth,-1.5509090189880226e-07,1,1
169,untouched,7.581821918487549,0,1
169,random_token,9.903263092041016,0,1
169,cond_argmax,11.581310272216797,0,1
169,cond_sample,11.170304298400879,0,1
169,cond_topk_rescore,9.196435928344727,0,1
169,gibbs,7.581821918487549,0,1
170,ground_truth,2.658925950527191e-07,1,1
170,untouched,0.002686861902475357,0,1
170,random_token,7.721705436706543,0,1
170,cond_argmax,0.044261634349823,0,1
170,cond_sample,0.044219233095645905,0,1
170,cond_topk_rescore,0.04400630667805672,0,1
170,gibbs,0.002686861902475357,0,1
171,ground_truth,1.862645149230957e-09,1,1
171,untouched,7.810210704803467,0,1
171,random_token,10.438669204711914,0,1
171,cond_argmax,9.65377426147461,0,1
171,cond_sample,9.217582702636719,0,1
171,cond_topk_rescore,6.173573970794678,0,1
171,gibbs,7.810210704803467,0,1
172,ground_truth,-9.958966984413564e-11,1,1
172,untouched,7.6799798011779785,0,1
172,random_token,14.995914459228516,0,1
172,cond_argmax,14.12391471862793,0,1
172,cond_sample,0.22113598883152008,0,1
172,cond_topk_rescore,0.8600976467132568,0,1
172,gibbs,8.056623458862305,0,1
173,ground_truth,-7.35744833946228e-08,1,1
173,untouched,8.84207534790039,0,1
173,random_token,9.6978120803833,0,1
173,cond_argmax,1.432474136352539,0,1
173,cond_sample,1.432474136352539,0,1
173,cond_topk_rescore,-7.35744833946228e-08,1,1
173,gibbs,2.0728437900543213,0,1
174,ground_truth,1.1827796697616577e-07,1,1
174,untouched,18.549673080444336,0,1
174,random_token,7.884736061096191,0,1
174,cond_argmax,82.25497436523438,0,1
174,cond_sample,82.83847045898438,0,1
174,cond_topk_rescore,81.21207427978516,0,1
174,gibbs,18.549673080444336,0,1
175,ground_truth,-1.1455313142505474e-07,1,1
175,untouched,8.664055824279785,0,1
175,random_token,5.434238433837891,0,1
175,cond_argmax,2.310969591140747,0,1
175,cond_sample,7.691011428833008,0,1
175,cond_topk_rescore,-1.1455313142505474e-07,1,1
175,gibbs,2.310969591140747,0,1
176,ground_truth,-1.1687063761200989e-08,1,1
176,untouched,15.105751037597656,0,1
176,random_token,4.528940200805664,0,1
176,cond_argmax,61.44126892089844,0,1
176,cond_sample,61.52976989746094,0,1
176,cond_topk_rescore,61.47565460205078,0,1
176,gibbs,15.105751037597656,0,1
177,ground_truth,-1.5212542336939805e-08,1,1
177,untouched,6.410830020904541,0,1
177,random_token,5.288612365722656,0,1
177,cond_argmax,3.077641010284424,0,1
177,cond_sample,3.778069257736206,0,1
177,cond_topk_rescore,1.8628888130187988,0,1
177,gibbs,3.077641010284424,0,1
178,ground_truth,1.7408340394209354e-13,1,1
178,untouched,0.006958238314837217,0,1
178,random_token,0.008215494453907013,0,1
178,cond_argmax,0.00602051243185997,0,1
178,cond_sample,0.007644822355359793,0,1
178,cond_topk_rescore,0.5533215403556824,0,1
178,gibbs,0.00602051243185997,0,1
179,ground_truth,-9.778887033462524e-08,1,1
179,untouched,3.402461051940918,0,1
179,random_token,0.007436521351337433,0,1
179,cond_argmax,0.039588507264852524,0,1
179,cond_sample,0.039524078369140625,0,1
179,cond_topk_rescore,0.03952550143003464,0,1
179,gibbs,3.402461051940918,0,1
180,ground_truth,1.7408340394209354e-13,1,1
180,untouched,0.007301412522792816,0,1
180,random_token,0.008096165023744106,0,1
180,cond_argmax,0.00602051243185997,0,1
180,cond_sample,0.009264075197279453,0,1
180,cond_topk_rescore,0.5533215403556824,0,1
180,gibbs,0.00602051243185997,0,1
181,ground_truth,1.7408340394209354e-13,1,1
181,untouched,0.012095246464014053,0,1
181,random_token,0.014398694969713688,0,1
181,cond_argmax,0.00602051243185997,0,1
181,cond_sample,11.570082664489746,0,1
181,cond_topk_rescore,0.5533215403556824,0,1
181,gibbs,0.00602051243185997,0,1
182,ground_truth,-2.235190166288703e-08,1,1
182,untouched,0.017475036904215813,0,1
182,random_token,10.62568473815918,0,1
182,cond_argmax,0.06462299078702927,0,1
182,cond_sample,0.06466832011938095,0,1
182,cond_topk_rescore,0.06462299078702927,0,1
182,gibbs,0.017475036904215813,0,1
183,ground_truth,-1.6647527445456944e-07,1,1
183,untouched,4.342023849487305,0,1
183,random_token,3.9694316387176514,0,1
183,cond_argmax,4.390661239624023,0,1
183,cond_sample,3.3156137466430664,0,1
183,cond_topk_rescore,9.74732780456543,0,1
183,gibbs,4.342023849487305,0,1
184,ground_truth,2.2737367544323206e-13,1,1
184,untouched,9.565776824951172,0,1
184,random_token,23.336023330688477,0,1
184,cond_argmax,0.11315207183361053,0,1
184,cond_sample,0.11315207183361053,0,1
184,cond_topk_rescore,11.572929382324219,0,1
184,gibbs,9.565776824951172,0,1
185,ground_truth,-2.3419488570652902e-11,1,1
185,untouched,21.080963134765625,0,1
185,random_token,21.13298797607422,0,1
185,cond_argmax,0.062078073620796204,0,1
185,cond_sample,0.06211357191205025,0,1
185,cond_topk_rescore,0.062078073620796204,0,1
185,gibbs,21.080963134765625,0,1
186,ground_truth,-1.971223184682458e-09,1,1
186,untouched,11.141152381896973,0,1
186,random_token,3.300001382827759,0,1
186,cond_argmax,49.12946319580078,0,1
186,cond_sample,49.33000183105469,0,1
186,cond_topk_rescore,49.093894958496094,0,1
186,gibbs,11.141152381896973,0,1
187,ground_truth,1.621560841158498e-08,1,1
187,untouched,0.025319624692201614,0,1
187,random_token,8.660486221313477,0,1
187,cond_argmax,0.6059433817863464,0,1
187,cond_sample,0.6058932542800903,0,1
187,cond_topk_rescore,0.605824887752533,0,1
187,gibbs,0.025319624692201614,0,1
188,ground_truth,6.28642737865448e-09,1,1
188,untouched,5.546803951263428,0,1
188,random_token,5.537084579467773,0,1
188,cond_argmax,172.20338439941406,0,1
188,cond_sample,172.16842651367188,0,1
188,cond_topk_rescore,172.258056640625,0,1
188,gibbs,5.546803951263428,0,1
189,ground_truth,-1.785474523785524e-08,1,1
189,untouched,10.068721771240234,0,1
189,random_token,8.025733947753906,0,1
189,cond_argmax,104.83336639404297,0,1
189,cond_sample,104.87661743164062,0,1
189,cond_topk_rescore,104.83336639404297,0,1
189,gibbs,10.068721771240234,0,1
190,ground_truth,2.0023435354232788e-08,1,1
190,untouched,3.597391366958618,0,1
190,random_token,20.02533721923828,0,1
190,cond_argmax,158.1114044189453,0,1
190,cond_sample,158.17486572265625,0,1
190,cond_topk_rescore,158.1114044189453,0,1
190,gibbs,3.597391366958618,0,1
191,ground_truth,-4.752257609652588e-08,1,1
191,untouched,5.386995792388916,0,1
191,random_token,8.436647415161133,0,1
191,cond_argmax,7.961221694946289,0,1
191,cond_sample,4.224441051483154,0,1
191,cond_topk_rescore,4.351524353027344,0,1
191,gibbs,4.209174156188965,0,1
192,ground_truth,9.592622518539429e-08,1,1
192,untouched,16.86259651184082,0,1
192,random_token,7.327659606933594,0,1
192,cond_argmax,169.60548400878906,0,1
192,cond_sample,169.6386260986328,0,1
192,cond_topk_rescore,169.7427520751953,0,1
192,gibbs,16.86259651184082,0,1
193,ground_truth,3.3294782042503357e-07,1,1
193,untouched,8.870447158813477,0,1
193,random_token,0.07290545850992203,0,1
193,cond_argmax,0.056357137858867645,0,1
193,cond_sample,0.05648026987910271,0,1
193,cond_topk_rescore,0.056412726640701294,0,1
193,gibbs,8.870447158813477,0,1
194,ground_truth,1.7408340394209354e-13,1,1
194,untouched,0.00987559650093317,0,1
194,random_token,0.008602478541433811,0,1
194,cond_argmax,0.00602051243185997,0,1
194,cond_sample,0.007998027838766575,0,1
194,cond_topk_rescore,0.5533215403556824,0,1
194,gibbs,0.00987559650093317,0,1
195,ground_truth,-8.774145499046426e-08,1,1
195,untouched,3.779971122741699,0,1
195,random_token,0.8854501843452454,0,1
195,cond_argmax,3.773280143737793,0,1
195,cond_sample,3.773280143737793,0,1
195,cond_topk_rescore,2.411792278289795,0,1
195,gibbs,1.7198569774627686,0,1
196,ground_truth,2.2351883899318636e-08,1,1
196,untouched,6.645317077636719,0,1
196,random_token,0.029279911890625954,0,1
196,cond_argmax,0.004975666757673025,0,1
196,cond_sample,0.004975666757673025,0,1
196,cond_topk_rescore,9.01802921295166,0,1
196,gibbs,18.59990692138672,0,1
197,ground_truth,-1.3200804005464306e-07,1,1
197,untouched,12.73602294921875,0,1
197,random_token,10.514219284057617,0,1
197,cond_argmax,13.460013389587402,0,1
197,cond_sample,3.587261915206909,0,1
197,cond_topk_rescore,9.287420272827148,0,1
197,gibbs,9.287420272827148,0,1
198,ground_truth,-6.984919309616089e-09,1,1
198,untouched,1.72818922996521,0,1
198,random_token,4.947696685791016,0,1
198,cond_argmax,-6.984919309616089e-09,1,1
198,cond_sample,-6.984919309616089e-09,1,1
198,cond_topk_rescore,-6.984919309616089e-09,1,1
198,gibbs,-6.984919309616089e-09,1,1
199,ground_truth,9.080395102500916e-08,1,1
199,untouched,1.5594459772109985,0,1
199,random_token,1.8913280963897705,0,1
199,cond_argmax,3.5916996002197266,0,1
199,cond_sample,1.703782081604004,0,1
199,cond_topk_rescore,2.5939879417419434,0,1
199,gibbs,2.151594638824463,0,1
