sample_idx,pos,arm,gt_tok,rec_tok,exact,top5,avg_kl_gpt2sft,accept_pct
0,3,hybrid_medium,388,2366,0,1,0.6040651202201843,16.0
0,3,left_conditional,388,21307,0,1,1.2867233753204346,26.0
0,3,dls_random,388,49835,0,1,1.9167503118515012,
0,3,dls_policy,388,49835,0,1,1.9167503118515012,
0,3,hybrid_small,388,2366,0,1,0.6040651202201843,2.0
1,15,dls_random,2488,7231,0,0,7.058433532714844,
1,15,left_conditional,2488,284,0,0,5.203141689300537,4.0
1,15,dls_policy,2488,47232,0,0,6.060075759887695,
1,15,hybrid_medium,2488,2488,1,1,-2.5692088456708007e-09,100.0
1,15,hybrid_small,2488,2488,1,1,-2.5692088456708007e-09,100.0
2,2,dls_random,286,21721,0,1,0.6453677415847778,
2,2,left_conditional,286,286,1,1,4.4703483581542975e-08,98.0
2,2,hybrid_medium,286,286,1,1,4.4703483581542975e-08,100.0
2,2,hybrid_small,286,286,1,1,4.4703483581542975e-08,100.0
2,2,dls_policy,286,2361,0,1,6.277359962463379,
3,34,hybrid_small,11084,11084,1,1,-2.2351741790771484e-08,58.0
3,34,dls_policy,11084,22674,0,1,0.2940326929092407,
3,34,dls_random,11084,34066,0,1,0.4508717656135559,
3,34,left_conditional,11084,11084,1,1,-2.2351741790771484e-08,100.0
3,34,hybrid_medium,11084,11084,1,1,-2.2351741790771484e-08,66.0
4,25,dls_random,11453,7866,0,0,4.63909912109375,
4,25,dls_policy,11453,1002,0,0,7.238816261291504,
4,25,left_conditional,11453,43206,0,0,7.636383056640625,0.0
4,25,hybrid_medium,11453,10770,0,0,1.5368154048919678,10.0
4,25,hybrid_small,11453,10770,0,0,1.5368154048919678,4.0
5,3,dls_policy,6456,46358,0,1,4.221120834350586,
5,3,left_conditional,6456,6456,1,1,8.195473810701516e-08,78.0
5,3,dls_random,6456,18776,0,1,5.516198635101318,
5,3,hybrid_medium,6456,6456,1,1,8.195473810701516e-08,40.0
5,3,hybrid_small,6456,1691,0,0,6.03729248046875,18.0
6,8,hybrid_medium,385,16661,0,1,0.0449996814131736,16.0
6,8,hybrid_small,385,323,0,1,0.012195523828268,14.0
6,8,dls_policy,385,40616,0,1,3.420492172241211,
6,8,left_conditional,385,391,0,1,2.521496057510376,26.0
6,8,dls_random,385,40616,0,1,3.420492172241211,
7,3,hybrid_small,30426,7712,0,1,7.587852954864502,18.0
7,3,dls_policy,30426,393,0,0,8.021814346313477,
7,3,dls_random,30426,17917,0,0,11.223203659057615,
7,3,left_conditional,30426,286,0,0,9.919055938720703,22.0
7,3,hybrid_medium,30426,39109,0,1,8.561187744140625,20.0
8,7,dls_policy,416,3830,0,1,8.399700164794922,
8,7,left_conditional,416,416,1,1,6.186121481732698e-08,82.0
8,7,hybrid_medium,416,416,1,1,6.186121481732698e-08,100.0
8,7,dls_random,416,35297,0,1,9.721197128295898,
8,7,hybrid_small,416,416,1,1,6.186121481732698e-08,100.0
9,19,dls_policy,400,10467,0,1,0.73822021484375,
9,19,hybrid_medium,400,400,1,1,2.974496560170792e-08,100.0
9,19,dls_random,400,3700,0,1,2.72067666053772,
9,19,left_conditional,400,400,1,1,2.974496560170792e-08,100.0
9,19,hybrid_small,400,400,1,1,2.974496560170792e-08,88.0
10,6,hybrid_small,851,24420,0,0,5.509026050567627,0.0
10,6,dls_random,851,3573,0,0,6.257692337036133,
10,6,dls_policy,851,9572,0,0,8.184515953063965,
10,6,hybrid_medium,851,24420,0,0,5.509026050567627,0.0
10,6,left_conditional,851,11,0,0,4.921536922454834,38.0
11,11,dls_policy,290,2265,0,1,8.215583801269531,
11,11,hybrid_medium,290,1222,0,1,0.6175821423530579,12.0
11,11,hybrid_small,290,1058,0,1,3.6299970149993896,34.0
11,11,left_conditional,290,11,0,1,2.253957509994507,40.0
11,11,dls_random,290,7398,0,1,9.477313995361328,
12,21,left_conditional,520,520,1,1,-5.960464477539064e-08,94.0
12,21,dls_policy,520,19920,0,1,3.0670244693756104,
12,21,hybrid_small,520,520,1,1,-5.960464477539064e-08,56.0
12,21,dls_random,520,18291,0,1,1.7352824211120603,
12,21,hybrid_medium,520,12761,0,1,0.1015283018350601,98.0
13,9,hybrid_small,7323,2512,0,0,9.992215156555176,6.0
13,9,left_conditional,7323,287,0,0,5.495286464691162,10.0
13,9,hybrid_medium,7323,9967,0,0,9.408093452453612,20.0
13,9,dls_policy,7323,38049,0,0,8.054518699645996,
13,9,dls_random,7323,5688,0,0,7.183899402618408,
14,4,left_conditional,5567,15016,0,1,0.9755563735961914,40.0
14,4,dls_policy,5567,36397,0,1,2.491392135620117,
14,4,hybrid_medium,5567,9498,0,0,1.850958585739136,16.0
14,4,dls_random,5567,39534,0,1,0.9548346996307372,
14,4,hybrid_small,5567,8225,0,0,5.557724952697754,14.0
15,17,dls_policy,1375,31873,0,0,11.436141967773438,
15,17,hybrid_medium,1375,569,0,1,13.223587036132812,16.0
15,17,left_conditional,1375,370,0,0,13.334095001220703,4.0
15,17,hybrid_small,1375,412,0,1,11.362264633178713,14.0
15,17,dls_random,1375,31873,0,0,11.436141967773438,
16,8,hybrid_small,3687,2258,0,0,0.2321091741323471,34.0
16,8,hybrid_medium,3687,2258,0,0,0.2321091741323471,32.0
16,8,dls_policy,3687,27791,0,0,7.178882598876953,
16,8,left_conditional,3687,5335,0,0,9.301739692687988,2.0
16,8,dls_random,3687,3819,0,0,5.120959758758545,
17,14,hybrid_small,2688,2520,0,0,7.487136840820312,8.0
17,14,left_conditional,2688,2520,0,1,7.487136840820312,42.0
17,14,hybrid_medium,2688,2520,0,1,7.487136840820312,54.0
17,14,dls_policy,2688,6711,0,1,10.665955543518066,
17,14,dls_random,2688,6711,0,1,10.665955543518066,
18,13,dls_policy,3936,34612,0,0,1.252810835838318,
18,13,hybrid_small,3936,11867,0,0,0.0012235202593728,28.0
18,13,left_conditional,3936,11565,0,0,0.0014764111256226,26.0
18,13,dls_random,3936,5001,0,0,1.1336818933486938,
18,13,hybrid_medium,3936,9266,0,0,0.0011653685942292,36.0
19,33,dls_policy,832,2993,0,1,7.202901840209961,
19,33,dls_random,832,30509,0,1,6.845206260681152,
19,33,left_conditional,832,832,1,1,-1.0477389622565171e-08,78.0
19,33,hybrid_medium,832,832,1,1,-1.0477389622565171e-08,90.0
19,33,hybrid_small,832,832,1,1,-1.0477389622565171e-08,88.0
20,14,hybrid_medium,5093,4539,0,1,7.381202220916748,14.0
20,14,hybrid_small,5093,4539,0,1,7.381202220916748,12.0
20,14,left_conditional,5093,4539,0,0,7.381202220916748,16.0
20,14,dls_random,5093,5704,0,0,7.959192276000977,
20,14,dls_policy,5093,23612,0,0,8.898448944091797,
21,41,dls_policy,13,705,0,1,6.905797958374023,
21,41,hybrid_small,13,13,1,1,9.35979187488556e-08,100.0
21,41,hybrid_medium,13,13,1,1,9.35979187488556e-08,100.0
21,41,left_conditional,13,13,1,1,9.35979187488556e-08,98.0
21,41,dls_random,13,705,0,1,6.905797958374023,
22,20,left_conditional,837,784,0,1,3.7885823249816895,6.0
22,20,dls_random,837,8201,0,1,8.912752151489258,
22,20,dls_policy,837,41273,0,1,4.901994228363037,
22,20,hybrid_medium,837,2162,0,1,3.525449514389038,20.0
22,20,hybrid_small,837,2162,0,1,3.525449514389038,62.0
23,19,hybrid_medium,810,810,1,1,1.6025410332076717e-08,96.0
23,19,dls_random,810,13673,0,0,11.449185371398926,
23,19,left_conditional,810,810,1,0,1.6025410332076717e-08,12.0
23,19,hybrid_small,810,810,1,1,1.6025410332076717e-08,84.0
23,19,dls_policy,810,18029,0,0,8.803625106811523,
24,6,dls_random,5093,2957,0,0,3.470689296722412,
24,6,dls_policy,5093,2957,0,0,3.470689296722412,
24,6,hybrid_medium,5093,5093,1,0,2.607691840239568e-08,30.0
24,6,hybrid_small,5093,5093,1,1,2.607691840239568e-08,22.0
24,6,left_conditional,5093,832,0,0,10.071516036987305,70.0
25,11,left_conditional,13527,5161,0,0,12.137481689453123,22.0
25,11,hybrid_small,13527,15321,0,1,9.921456336975098,16.0
25,11,hybrid_medium,13527,30739,0,1,11.751798629760742,10.0
25,11,dls_policy,13527,13792,0,0,12.693934440612791,
25,11,dls_random,13527,11677,0,0,8.170899391174316,
26,8,dls_policy,10350,14657,0,0,9.700274467468262,
26,8,hybrid_small,10350,20956,0,0,10.53662109375,2.0
26,8,left_conditional,10350,1400,0,0,12.359933853149414,6.0
26,8,dls_random,10350,6208,0,0,7.18013858795166,
26,8,hybrid_medium,10350,20531,0,0,9.465322494506836,4.0
27,4,hybrid_small,393,290,0,1,3.9955484867095943,86.0
27,4,left_conditional,393,257,0,0,13.080739974975586,38.0
27,4,dls_random,393,12010,0,0,13.289872169494627,
27,4,dls_policy,393,16180,0,0,10.287471771240234,
27,4,hybrid_medium,393,290,0,1,3.9955484867095943,90.0
28,11,left_conditional,262,262,1,1,3.3305468605249195e-08,94.0
28,11,dls_random,262,4422,0,1,8.684478759765625,
28,11,dls_policy,262,465,0,1,8.00247859954834,
28,11,hybrid_small,262,262,1,1,3.3305468605249195e-08,40.0
28,11,hybrid_medium,262,262,1,1,3.3305468605249195e-08,60.0
29,5,hybrid_small,635,407,0,1,2.110111951828003,20.0
29,5,dls_random,635,4635,0,0,8.095378875732422,
29,5,hybrid_medium,635,717,0,1,5.042641639709473,30.0
29,5,left_conditional,635,18116,0,0,11.672496795654297,20.0
29,5,dls_policy,635,3020,0,0,5.018405914306641,
30,32,hybrid_medium,287,287,1,1,1.4901161193847656e-08,100.0
30,32,hybrid_small,287,287,1,1,1.4901161193847656e-08,100.0
30,32,left_conditional,287,287,1,1,1.4901161193847656e-08,50.0
30,32,dls_random,287,5859,0,1,5.734371662139893,
30,32,dls_policy,287,5859,0,1,5.734371662139893,
31,5,dls_random,10807,24257,0,0,9.9757080078125,
31,5,left_conditional,10807,11000,0,0,9.330269813537598,4.0
31,5,hybrid_small,10807,10807,1,1,-2.5131157599389556e-08,2.0
31,5,hybrid_medium,10807,8153,0,1,0.000139876268804,42.0
31,5,dls_policy,10807,4106,0,0,3.2492215633392334,
32,7,hybrid_medium,13,13,1,1,-7.449727945640916e-09,100.0
32,7,dls_policy,13,23286,0,1,6.857624530792236,
32,7,left_conditional,13,13,1,1,-7.449727945640916e-09,100.0
32,7,dls_random,13,18351,0,1,6.086379051208496,
32,7,hybrid_small,13,13,1,1,-7.449727945640916e-09,100.0
33,1,dls_policy,2739,10623,0,0,14.745935440063477,
33,1,left_conditional,2739,9880,0,0,10.506820678710938,18.0
33,1,dls_random,2739,18076,0,0,12.151285171508787,
33,1,hybrid_medium,2739,1966,0,0,8.521745681762695,20.0
33,1,hybrid_small,2739,1966,0,0,8.521745681762695,20.0
34,37,dls_policy,49330,11792,0,0,6.489808082580566,
34,37,dls_random,49330,11792,0,0,6.489808082580566,
34,37,hybrid_small,49330,5615,0,1,9.725682258605955,32.0
34,37,hybrid_medium,49330,49330,1,1,-2.3283064365386963e-10,40.0
34,37,left_conditional,49330,15901,0,0,8.036368370056152,16.0
35,7,left_conditional,1966,257,0,0,5.082403182983398,74.0
35,7,dls_policy,1966,4648,0,0,8.134125709533691,
35,7,hybrid_medium,1966,257,0,1,5.082403182983398,54.0
35,7,hybrid_small,1966,257,0,1,5.082403182983398,34.0
35,7,dls_random,1966,4648,0,0,8.134125709533691,
36,15,dls_policy,287,4912,0,1,8.569805145263672,
36,15,left_conditional,287,287,1,1,-3.188692971889396e-07,100.0
36,15,hybrid_medium,287,287,1,1,-3.188692971889396e-07,100.0
36,15,dls_random,287,21439,0,1,12.672861099243164,
36,15,hybrid_small,287,287,1,1,-3.188692971889396e-07,100.0
37,2,dls_policy,422,7231,0,0,11.259525299072266,
37,2,dls_random,422,13529,0,0,12.404966354370115,
37,2,left_conditional,422,373,0,0,12.547728538513184,34.0
37,2,hybrid_small,422,422,1,1,-9.080395102500916e-09,96.0
37,2,hybrid_medium,422,422,1,1,-9.080395102500916e-09,62.0
38,7,hybrid_small,13922,6484,0,1,0.3715322315692901,10.0
38,7,dls_policy,13922,38922,0,0,1.0114845037460327,
38,7,dls_random,13922,38922,0,0,1.0114845037460327,
38,7,left_conditional,13922,9918,0,0,0.5782333612442017,8.0
38,7,hybrid_medium,13922,6960,0,0,0.712739109992981,14.0
39,18,dls_policy,16636,9871,0,0,4.874464511871338,
39,18,dls_random,16636,14466,0,0,0.6363459825515747,
39,18,left_conditional,16636,1966,0,0,0.8303257822990417,4.0
39,18,hybrid_small,16636,16636,1,1,-7.66249286243692e-10,26.0
39,18,hybrid_medium,16636,16636,1,1,-7.66249286243692e-10,42.0
40,1,dls_random,14015,6956,0,0,7.728163719177246,
40,1,left_conditional,14015,264,0,0,9.519624710083008,2.0
40,1,dls_policy,14015,3245,0,0,1.7834491729736328,
40,1,hybrid_medium,14015,5623,0,0,3.923853874206543,6.0
40,1,hybrid_small,14015,37059,0,0,2.210237979888916,14.0
41,12,hybrid_medium,837,837,1,1,-2.23528786591487e-08,22.0
41,12,hybrid_small,837,837,1,1,-2.23528786591487e-08,32.0
41,12,dls_random,837,10820,0,1,13.40811824798584,
41,12,left_conditional,837,17939,0,1,3.8320116996765137,0.0
41,12,dls_policy,837,10026,0,1,5.62202262878418,
42,36,dls_policy,15761,1635,0,0,6.555798053741455,
42,36,left_conditional,15761,32471,0,0,0.003686873242259,82.0
42,36,dls_random,15761,10670,0,0,0.0237807538360357,
42,36,hybrid_medium,15761,26539,0,0,0.003563973121345,24.0
42,36,hybrid_small,15761,24718,0,0,0.0012522144243121,38.0
43,10,left_conditional,382,382,1,1,-2.988042524521006e-08,100.0
43,10,dls_random,382,4045,0,1,0.8601386547088623,
43,10,dls_policy,382,600,0,1,0.6235005259513855,
43,10,hybrid_small,382,382,1,1,-2.988042524521006e-08,46.0
43,10,hybrid_medium,382,382,1,1,-2.988042524521006e-08,96.0
44,8,left_conditional,24414,26539,0,0,0.0151560977101325,46.0
44,8,hybrid_small,24414,22717,0,0,0.0133736077696084,24.0
44,8,dls_policy,24414,49292,0,0,0.3352776765823364,
44,8,hybrid_medium,24414,22717,0,0,0.0133736077696084,22.0
44,8,dls_random,24414,6944,0,0,0.073782205581665,
45,3,dls_random,1839,947,0,0,7.687981128692627,
45,3,hybrid_medium,1839,1839,1,1,-4.6566128730773926e-09,38.0
45,3,left_conditional,1839,2227,0,0,5.589383602142334,22.0
45,3,hybrid_small,1839,1839,1,1,-4.6566128730773926e-09,82.0
45,3,dls_policy,1839,6070,0,0,4.227161884307861,
46,2,hybrid_small,22297,15483,0,1,0.8425230979919434,26.0
46,2,hybrid_medium,22297,72,0,1,1.831721544265747,26.0
46,2,dls_random,22297,39992,0,0,0.694887638092041,
46,2,left_conditional,22297,1501,0,0,6.027168273925781,30.0
46,2,dls_policy,22297,43068,0,0,2.754329204559326,
47,33,hybrid_medium,262,262,1,1,-2.979822966153733e-08,52.0
47,33,left_conditional,262,38025,0,1,4.857358932495117,0.0
47,33,dls_policy,262,10467,0,1,7.268343925476074,
47,33,hybrid_small,262,262,1,1,-2.979822966153733e-08,98.0
47,33,dls_random,262,1839,0,1,2.479851007461548,
48,4,hybrid_medium,8825,8825,1,1,-2.365368345635943e-08,30.0
48,4,dls_random,8825,3301,0,1,0.4272791743278503,
48,4,hybrid_small,8825,8825,1,1,-2.365368345635943e-08,18.0
48,4,left_conditional,8825,8825,1,1,-2.365368345635943e-08,100.0
48,4,dls_policy,8825,3301,0,1,0.4272791743278503,
49,26,dls_random,837,37912,0,0,4.367126941680908,
49,26,hybrid_small,837,4469,0,1,4.332884311676025,6.0
49,26,hybrid_medium,837,17154,0,1,2.5875041484832764,2.0
49,26,left_conditional,837,27104,0,0,8.176202774047852,0.0
49,26,dls_policy,837,23978,0,0,4.7408623695373535,
50,2,dls_policy,4074,19517,0,0,14.559609413146973,
50,2,hybrid_medium,4074,4074,1,1,2.7470605346024968e-08,92.0
50,2,hybrid_small,4074,4074,1,1,2.7470605346024968e-08,82.0
50,2,dls_random,4074,19517,0,0,14.559609413146973,
50,2,left_conditional,4074,3288,0,0,17.17532730102539,4.0
51,18,hybrid_medium,16736,18028,0,1,2.319269895553589,66.0
51,18,hybrid_small,16736,2925,0,1,3.269622564315796,44.0
51,18,left_conditional,16736,16736,1,0,-2.4354875449716932e-08,2.0
51,18,dls_random,16736,6419,0,0,7.938121795654297,
51,18,dls_policy,16736,16667,0,0,6.4410834312438965,
52,35,dls_random,588,4390,0,0,5.207087993621826,
52,35,hybrid_medium,588,1022,0,0,6.916891098022461,20.0
52,35,hybrid_small,588,588,1,1,-8.29913915367797e-12,4.0
52,35,dls_policy,588,826,0,0,10.087881088256836,
52,35,left_conditional,588,286,0,0,5.09424352645874,26.0
53,31,hybrid_medium,22158,4960,0,0,0.0825962275266647,30.0
53,31,hybrid_small,22158,3517,0,0,0.18112713098526,38.0
53,31,dls_policy,22158,10192,0,0,0.6484758853912354,
53,31,dls_random,22158,10192,0,0,0.6484758853912354,
53,31,left_conditional,22158,1605,0,0,0.1315216273069381,74.0
54,5,hybrid_small,543,326,0,1,0.3951590359210968,94.0
54,5,dls_policy,543,714,0,0,9.789752960205078,
54,5,hybrid_medium,543,326,0,1,0.3951590359210968,100.0
54,5,dls_random,543,4394,0,0,9.631966590881348,
54,5,left_conditional,543,319,0,0,12.565692901611328,16.0
55,34,left_conditional,17418,12552,0,0,4.396547317504883,6.0
55,34,hybrid_small,17418,13583,0,0,4.523567199707031,22.0
55,34,dls_policy,17418,32306,0,0,9.106386184692385,
55,34,hybrid_medium,17418,13583,0,0,4.523567199707031,18.0
55,34,dls_random,17418,22482,0,0,8.98930549621582,
56,8,dls_random,42328,8016,0,0,12.629579544067385,
56,8,dls_policy,42328,28328,0,0,12.320319175720217,
56,8,left_conditional,42328,262,0,0,11.883034706115724,26.0
56,8,hybrid_small,42328,42328,1,1,-2.9802322387695312e-08,98.0
56,8,hybrid_medium,42328,42328,1,1,-2.9802322387695312e-08,98.0
57,11,hybrid_medium,440,440,1,1,3.5804816889140052e-09,38.0
57,11,dls_random,440,16940,0,0,13.482684135437012,
57,11,dls_policy,440,16940,0,0,13.482684135437012,
57,11,left_conditional,440,309,0,0,7.304635524749756,6.0
57,11,hybrid_small,440,440,1,1,3.5804816889140052e-09,20.0
58,9,dls_policy,287,1550,0,1,2.1961636543273926,
58,9,left_conditional,287,287,1,1,-3.1001263778307475e-08,26.0
58,9,hybrid_small,287,329,0,1,4.766542434692383,72.0
58,9,dls_random,287,502,0,1,10.512807846069336,
58,9,hybrid_medium,287,329,0,1,4.766542434692383,86.0
59,30,hybrid_small,290,45091,0,1,10.269268989562988,0.0
59,30,dls_policy,290,551,0,0,11.96756076812744,
59,30,dls_random,290,28994,0,0,14.045448303222656,
59,30,hybrid_medium,290,290,1,1,6.000675512041198e-08,98.0
59,30,left_conditional,290,45091,0,0,10.269268989562988,0.0
60,21,left_conditional,11251,57,0,1,0.577640950679779,26.0
60,21,hybrid_small,11251,5,0,0,7.840780258178711,44.0
60,21,dls_policy,11251,410,0,1,9.345794677734377,
60,21,hybrid_medium,11251,11251,1,0,-1.325952325714752e-08,20.0
60,21,dls_random,11251,47526,0,1,7.182739734649658,
61,10,hybrid_small,837,351,0,0,3.148259401321411,98.0
61,10,left_conditional,837,351,0,0,3.148259401321411,24.0
61,10,dls_policy,837,60,0,0,6.029589653015137,
61,10,dls_random,837,25014,0,0,4.756469249725342,
61,10,hybrid_medium,837,351,0,1,3.148259401321411,92.0
62,13,left_conditional,837,286,0,0,14.951065063476562,94.0
62,13,hybrid_medium,837,286,0,1,14.951065063476562,20.0
62,13,dls_policy,837,35073,0,0,4.556460857391357,
62,13,dls_random,837,7857,0,0,8.958425521850586,
62,13,hybrid_small,837,286,0,1,14.951065063476562,18.0
63,16,left_conditional,30151,625,0,0,6.152181625366211,40.0
63,16,hybrid_small,30151,1735,0,0,4.04702615737915,44.0
63,16,dls_random,30151,16690,0,0,1.4822394847869873,
63,16,hybrid_medium,30151,8011,0,0,0.1401928961277008,12.0
63,16,dls_policy,30151,4104,0,0,2.208514928817749,
64,26,dls_random,3747,21669,0,1,1.0847437381744385,
64,26,left_conditional,3747,3747,1,1,5.960464477539064e-08,6.0
64,26,dls_policy,3747,42906,0,1,0.1210333034396171,
64,26,hybrid_medium,3747,3747,1,1,5.960464477539064e-08,52.0
64,26,hybrid_small,3747,3747,1,1,5.960464477539064e-08,18.0
65,27,left_conditional,287,287,1,1,-2.2327726473259088e-11,100.0
65,27,dls_policy,287,5498,0,1,6.047239303588867,
65,27,dls_random,287,4436,0,1,3.59863543510437,
65,27,hybrid_medium,287,287,1,1,-2.2327726473259088e-11,88.0
65,27,hybrid_small,287,287,1,1,-2.2327726473259088e-11,78.0
66,9,hybrid_medium,1318,1318,1,1,-2.4158453015843406e-10,100.0
66,9,dls_random,1318,14987,0,0,6.6816725730896,
66,9,dls_policy,1318,14987,0,0,6.6816725730896,
66,9,left_conditional,1318,2399,0,0,10.062881469726562,26.0
66,9,hybrid_small,1318,1318,1,1,-2.4158453015843406e-10,100.0
67,1,hybrid_small,2932,1737,0,0,0.1235565394163131,44.0
67,1,dls_policy,2932,14800,0,0,8.976072311401367,
67,1,dls_random,2932,4510,0,0,10.9759521484375,
67,1,left_conditional,2932,2795,0,0,0.197612851858139,74.0
67,1,hybrid_medium,2932,1737,0,1,0.1235565394163131,48.0
68,20,dls_random,2168,49023,0,1,0.0299930330365896,
68,20,hybrid_medium,2168,2168,1,1,-2.5198005459969863e-08,44.0
68,20,left_conditional,2168,1923,0,1,0.0056864330545067,68.0
68,20,dls_policy,2168,41245,0,1,3.719667911529541,
68,20,hybrid_small,2168,2168,1,1,-2.5198005459969863e-08,56.0
69,22,left_conditional,393,329,0,0,5.991579532623291,4.0
69,22,dls_random,393,44000,0,0,2.049431800842285,
69,22,hybrid_small,393,706,0,0,7.826095104217529,4.0
69,22,hybrid_medium,393,706,0,1,7.826095104217529,20.0
69,22,dls_policy,393,26178,0,0,5.7979912757873535,
70,8,hybrid_small,796,796,1,1,8.149072527885436e-10,4.0
70,8,dls_policy,796,6343,0,1,1.5775623321533203,
70,8,left_conditional,796,796,1,1,8.149072527885436e-10,90.0
70,8,dls_random,796,6343,0,1,1.5775623321533203,
70,8,hybrid_medium,796,796,1,1,8.149072527885436e-10,94.0
71,5,left_conditional,47299,796,0,0,17.833038330078125,60.0
71,5,dls_random,47299,16003,0,0,8.309524536132812,
71,5,hybrid_medium,47299,837,0,0,12.415124893188477,36.0
71,5,hybrid_small,47299,837,0,0,12.415124893188477,58.0
71,5,dls_policy,47299,15079,0,0,11.541424751281738,
72,1,left_conditional,1866,4409,0,0,1.610689640045166,12.0
72,1,hybrid_medium,1866,8292,0,1,2.8942410945892334,28.0
72,1,hybrid_small,1866,8549,0,0,6.215601921081543,2.0
72,1,dls_policy,1866,20746,0,0,6.879117965698242,
72,1,dls_random,1866,21946,0,0,8.89074993133545,
73,16,hybrid_small,262,262,1,1,-7.88553506936296e-08,26.0
73,16,left_conditional,262,262,1,1,-7.88553506936296e-08,86.0
73,16,dls_policy,262,20484,0,1,5.072874546051025,
73,16,hybrid_medium,262,262,1,1,-7.88553506936296e-08,24.0
73,16,dls_random,262,5510,0,1,5.763862609863281,
74,45,dls_random,45714,784,0,0,9.613263130187988,
74,45,hybrid_small,45714,491,0,0,8.00244140625,12.0
74,45,left_conditional,45714,537,0,0,13.634953498840332,10.0
74,45,hybrid_medium,45714,256,0,0,13.109149932861328,26.0
74,45,dls_policy,45714,784,0,0,9.613263130187988,
75,32,dls_policy,42497,12605,0,0,9.542564392089844,
75,32,hybrid_small,42497,6565,0,0,5.713451385498047,6.0
75,32,left_conditional,42497,27071,0,0,20.97369956970215,70.0
75,32,hybrid_medium,42497,393,0,0,10.334818840026855,20.0
75,32,dls_random,42497,16417,0,0,4.511723041534424,
76,9,hybrid_medium,82,4521,0,1,2.0080726146698,38.0
76,9,hybrid_small,82,82,1,1,-1.0943040251731873e-08,28.0
76,9,dls_policy,82,1105,0,0,11.328225135803224,
76,9,left_conditional,82,1065,0,0,1.6748520135879517,10.0
76,9,dls_random,82,19609,0,0,4.097414493560791,
77,3,hybrid_medium,2813,8414,0,0,5.692414283752441,28.0
77,3,left_conditional,2813,657,0,0,6.734601020812988,2.0
77,3,hybrid_small,2813,784,0,0,9.199056625366213,24.0
77,3,dls_policy,2813,50093,0,0,6.53156852722168,
77,3,dls_random,2813,50093,0,0,6.53156852722168,
78,4,dls_policy,784,39777,0,0,7.1289167404174805,
78,4,hybrid_small,784,2813,0,0,6.763072967529297,26.0
78,4,dls_random,784,21026,0,0,9.661785125732422,
78,4,left_conditional,784,930,0,0,2.661642551422119,8.0
78,4,hybrid_medium,784,1222,0,0,2.162900447845459,50.0
79,22,dls_random,837,47454,0,0,2.7960495948791504,
79,22,dls_policy,837,732,0,0,7.764554500579834,
79,22,left_conditional,837,13,0,0,12.03146266937256,86.0
79,22,hybrid_small,837,11,0,1,0.2972743213176727,96.0
79,22,hybrid_medium,837,532,0,1,2.065087080001831,52.0
80,1,dls_policy,9368,7072,0,0,13.594108581542969,
80,1,hybrid_small,9368,3687,0,1,1.6935244798660278,74.0
80,1,left_conditional,9368,1362,0,0,8.69070053100586,16.0
80,1,dls_random,9368,4333,0,0,4.289790153503418,
80,1,hybrid_medium,9368,9368,1,1,-5.9593730838969356e-08,60.0
81,7,dls_random,805,11923,0,1,4.908849716186523,
81,7,hybrid_small,805,805,1,1,-1.797161530703306e-09,72.0
81,7,hybrid_medium,805,805,1,1,-1.797161530703306e-09,96.0
81,7,dls_policy,805,12185,0,1,8.256431579589844,
81,7,left_conditional,805,805,1,1,-1.797161530703306e-09,100.0
82,5,left_conditional,9368,2458,0,0,18.945444107055664,6.0
82,5,dls_random,9368,1360,0,0,9.947636604309082,
82,5,hybrid_small,9368,1105,0,1,0.3700281977653503,38.0
82,5,hybrid_medium,9368,1377,0,1,7.72821044921875,10.0
82,5,dls_policy,9368,6665,0,0,13.330205917358398,
83,2,dls_policy,12,2372,0,0,7.518056869506836,
83,2,hybrid_small,12,5134,0,0,10.864675521850586,8.0
83,2,dls_random,12,19623,0,0,13.573956489562988,
83,2,left_conditional,12,37357,0,0,8.0949068069458,8.0
83,2,hybrid_medium,12,1439,0,0,8.99099063873291,24.0
84,4,hybrid_medium,784,2321,0,0,6.319642543792725,6.0
84,4,hybrid_small,784,930,0,0,4.460641860961914,22.0
84,4,left_conditional,784,930,0,0,4.460641860961914,12.0
84,4,dls_policy,784,20522,0,0,11.566162109375,
84,4,dls_random,784,5449,0,0,11.493099212646484,
85,3,hybrid_small,705,29119,0,1,4.371367454528809,0.0
85,3,left_conditional,705,29119,0,0,4.371367454528809,0.0
85,3,hybrid_medium,705,29119,0,1,4.371367454528809,0.0
85,3,dls_random,705,29119,0,0,4.371367454528809,
85,3,dls_policy,705,29119,0,0,4.371367454528809,
86,7,hybrid_small,31093,14705,0,1,0.3269000649452209,22.0
86,7,dls_random,31093,20048,0,0,8.169479370117188,
86,7,dls_policy,31093,43,0,0,4.032005786895752,
86,7,left_conditional,31093,5920,0,0,10.395133018493652,12.0
86,7,hybrid_medium,31093,14705,0,1,0.3269000649452209,18.0
87,21,hybrid_small,329,329,1,1,-1.3127760212228168e-08,60.0
87,21,dls_random,329,3052,0,0,11.213754653930664,
87,21,dls_policy,329,9765,0,0,9.062201499938965,
87,21,hybrid_medium,329,329,1,1,-1.3127760212228168e-08,84.0
87,21,left_conditional,329,14397,0,0,9.0718412399292,0.0
88,8,left_conditional,2297,2297,1,1,1.6770666633192377e-08,26.0
88,8,dls_random,2297,2388,0,1,14.948789596557615,
88,8,hybrid_small,2297,2297,1,1,1.6770666633192377e-08,98.0
88,8,dls_policy,2297,6498,0,1,2.58514142036438,
88,8,hybrid_medium,2297,2297,1,1,1.6770666633192377e-08,100.0
89,10,left_conditional,7724,37674,0,0,0.7690946459770203,4.0
89,10,dls_random,7724,36641,0,0,1.4793097972869873,
89,10,dls_policy,7724,36641,0,0,1.4793097972869873,
89,10,hybrid_small,7724,37674,0,0,0.7690946459770203,14.0
89,10,hybrid_medium,7724,37674,0,0,0.7690946459770203,6.0
90,10,left_conditional,796,5284,0,0,9.818475723266602,4.0
90,10,dls_policy,796,42973,0,0,4.844493389129639,
90,10,dls_random,796,12003,0,0,5.219271183013916,
90,10,hybrid_small,796,796,1,1,-6.095092430769e-09,46.0
90,10,hybrid_medium,796,796,1,1,-6.095092430769e-09,48.0
91,7,dls_policy,4447,512,0,0,4.672408580780029,
91,7,left_conditional,4447,13,0,0,7.870393753051758,36.0
91,7,hybrid_small,4447,3739,0,1,0.033639658242464,12.0
91,7,dls_random,4447,512,0,0,4.672408580780029,
91,7,hybrid_medium,4447,11684,0,0,0.0414094440639019,16.0
92,8,left_conditional,8699,13242,0,0,3.4585461616516118,0.0
92,8,hybrid_small,8699,13242,0,0,3.4585461616516118,0.0
92,8,hybrid_medium,8699,37674,0,0,1.4850332736968994,2.0
92,8,dls_policy,8699,13242,0,0,3.4585461616516118,
92,8,dls_random,8699,37166,0,0,1.9175794124603271,
93,14,hybrid_small,796,796,1,1,-2.2351741790771484e-08,18.0
93,14,hybrid_medium,796,796,1,1,-2.2351741790771484e-08,50.0
93,14,left_conditional,796,38730,0,0,3.958845615386963,0.0
93,14,dls_policy,796,38035,0,0,3.0305449962615967,
93,14,dls_random,796,6723,0,0,6.791704654693604,
94,5,hybrid_small,1105,718,0,0,1.2496883869171145,22.0
94,5,hybrid_medium,1105,279,0,0,5.363850593566895,8.0
94,5,dls_policy,1105,61,0,0,6.752107620239258,
94,5,dls_random,1105,2744,0,0,8.736783027648926,
94,5,left_conditional,1105,34,0,0,8.201135635375977,10.0
95,1,hybrid_medium,796,49215,0,1,9.412476539611816,6.0
95,1,dls_policy,796,33263,0,0,10.051677703857422,
95,1,left_conditional,796,273,0,0,6.460731983184815,10.0
95,1,dls_random,796,33263,0,0,10.051677703857422,
95,1,hybrid_small,796,5,0,1,7.726815223693848,12.0
96,13,dls_policy,796,32535,0,0,0.1897172927856445,
96,13,left_conditional,796,13,0,0,6.7567219734191895,100.0
96,13,dls_random,796,32535,0,0,0.1897172927856445,
96,13,hybrid_medium,796,13,0,1,6.7567219734191895,40.0
96,13,hybrid_small,796,0,0,1,3.309260606765747,14.0
97,8,dls_random,319,851,0,0,5.479746341705322,
97,8,left_conditional,319,8096,0,0,2.5287020206451416,18.0
97,8,hybrid_small,319,319,1,1,-1.977321062440751e-08,60.0
97,8,dls_policy,319,32525,0,0,9.55763339996338,
97,8,hybrid_medium,319,319,1,1,-1.977321062440751e-08,56.0
98,9,hybrid_small,257,262,0,1,2.494131326675415,38.0
98,9,left_conditional,257,262,0,1,2.494131326675415,96.0
98,9,dls_random,257,340,0,1,8.759000778198242,
98,9,hybrid_medium,257,262,0,1,2.494131326675415,64.0
98,9,dls_policy,257,352,0,1,7.207003116607666,
99,13,hybrid_small,290,290,1,1,-1.3690441846847534e-07,90.0
99,13,dls_random,290,47010,0,0,5.41689920425415,
99,13,left_conditional,290,764,0,0,10.025135040283203,16.0
99,13,hybrid_medium,290,290,1,1,-1.3690441846847534e-07,98.0
99,13,dls_policy,290,47010,0,0,5.41689920425415,
100,10,dls_policy,796,8949,0,0,7.670409679412842,
100,10,dls_random,796,11789,0,0,5.777891159057617,
100,10,hybrid_small,796,13,0,0,2.66255521774292,4.0
100,10,hybrid_medium,796,40674,0,1,11.393115997314451,0.0
100,10,left_conditional,796,13,0,0,2.66255521774292,66.0
101,13,hybrid_medium,796,13,0,1,4.227517127990723,36.0
101,13,dls_random,796,12995,0,0,5.531092166900635,
101,13,hybrid_small,796,13,0,1,4.227517127990723,10.0
101,13,dls_policy,796,27411,0,0,8.744421005249023,
101,13,left_conditional,796,13,0,0,4.227517127990723,74.0
102,5,left_conditional,1547,15606,0,0,3.5726418495178223,30.0
102,5,dls_random,1547,16393,0,0,3.666980028152466,
102,5,hybrid_small,1547,666,0,0,10.017718315124512,14.0
102,5,hybrid_medium,1547,13935,0,0,9.98052215576172,8.0
102,5,dls_policy,1547,43355,0,0,5.179701328277588,
103,3,left_conditional,14861,36715,0,0,13.62392807006836,0.0
103,3,dls_policy,14861,40270,0,0,10.858769416809082,
103,3,dls_random,14861,40270,0,0,10.858769416809082,
103,3,hybrid_medium,14861,554,0,0,8.799614906311035,10.0
103,3,hybrid_small,14861,287,0,0,9.469928741455078,8.0
104,4,hybrid_medium,784,82,0,0,4.1711201667785645,10.0
104,4,dls_random,784,18049,0,0,5.906293869018555,
104,4,hybrid_small,784,1222,0,0,11.381397247314451,22.0
104,4,dls_policy,784,48172,0,0,8.970998764038086,
104,4,left_conditional,784,1222,0,0,11.381397247314451,16.0
105,13,left_conditional,952,13,0,0,9.771106719970703,40.0
105,13,dls_random,952,39326,0,0,0.9886717796325684,
105,13,hybrid_small,952,13,0,0,9.771106719970703,12.0
105,13,hybrid_medium,952,13,0,0,9.771106719970703,34.0
105,13,dls_policy,952,6782,0,0,3.7212672233581534,
106,12,hybrid_small,9513,796,0,0,12.670804977416992,76.0
106,12,hybrid_medium,9513,1343,0,0,10.033130645751951,32.0
106,12,dls_policy,9513,34400,0,0,10.378694534301758,
106,12,left_conditional,9513,11948,0,0,10.346558570861816,0.0
106,12,dls_random,9513,6881,0,0,9.081280708312988,
107,24,hybrid_small,262,262,1,1,-4.638422979041934e-11,100.0
107,24,dls_random,262,40459,0,1,8.871932029724121,
107,24,dls_policy,262,27458,0,1,8.301996231079102,
107,24,hybrid_medium,262,262,1,1,-4.638422979041934e-11,100.0
107,24,left_conditional,262,262,1,1,-4.638422979041934e-11,72.0
108,9,dls_random,355,2351,0,0,5.308601379394531,
108,9,hybrid_medium,355,355,1,1,-2.9787770472466946e-08,100.0
108,9,dls_policy,355,1879,0,0,10.096403121948242,
108,9,left_conditional,355,617,0,0,9.937071800231934,20.0
108,9,hybrid_small,355,355,1,1,-2.9787770472466946e-08,100.0
109,18,hybrid_medium,268,84,0,0,13.592860221862791,16.0
109,18,dls_random,268,15612,0,0,15.245539665222168,
109,18,dls_policy,268,35001,0,0,16.85456657409668,
109,18,hybrid_small,268,64,0,0,18.715415954589844,4.0
109,18,left_conditional,268,6888,0,0,11.904562950134276,4.0
110,5,dls_random,282,291,0,1,1.99284029006958,
110,5,hybrid_small,282,282,1,1,-3.10145020776531e-10,24.0
110,5,dls_policy,282,14706,0,1,4.582515239715576,
110,5,hybrid_medium,282,282,1,1,-3.10145020776531e-10,56.0
110,5,left_conditional,282,282,1,1,-3.10145020776531e-10,72.0
111,6,left_conditional,290,48380,0,0,8.554851531982422,2.0
111,6,dls_random,290,27578,0,0,8.150370597839355,
111,6,dls_policy,290,6139,0,0,10.390331268310549,
111,6,hybrid_medium,290,390,0,0,7.458323001861572,16.0
111,6,hybrid_small,290,796,0,0,7.250946044921875,38.0
112,28,dls_policy,656,42009,0,1,6.853696823120117,
112,28,hybrid_small,656,656,1,1,-1.0244548320770264e-08,92.0
112,28,dls_random,656,262,0,1,6.925615310668945,
112,28,hybrid_medium,656,656,1,1,-1.0244548320770264e-08,100.0
112,28,left_conditional,656,32864,0,1,6.929288864135742,0.0
113,5,hybrid_small,282,28374,0,0,1.6300013065338137,12.0
113,5,dls_random,282,26333,0,1,1.7002811431884766,
113,5,left_conditional,282,271,0,1,1.463564157485962,84.0
113,5,dls_policy,282,7982,0,1,3.2356114387512207,
113,5,hybrid_medium,282,42418,0,0,5.242924213409424,4.0
114,8,hybrid_medium,313,313,1,1,2.2351741790771484e-08,86.0
114,8,dls_random,313,1030,0,0,18.28999900817871,
114,8,dls_policy,313,1030,0,0,18.28999900817871,
114,8,hybrid_small,313,313,1,1,2.2351741790771484e-08,42.0
114,8,left_conditional,313,71,0,0,10.061761856079102,16.0
115,25,dls_random,2162,17137,0,0,7.501484394073486,
115,25,left_conditional,2162,11,0,0,4.1484150886535645,2.0
115,25,hybrid_medium,2162,8512,0,0,6.954207420349121,16.0
115,25,hybrid_small,2162,618,0,0,6.318210601806641,50.0
115,25,dls_policy,2162,6193,0,0,10.645031929016112,
116,7,dls_random,4539,27441,0,1,10.756946563720703,
116,7,dls_policy,4539,6971,0,1,10.625062942504885,
116,7,left_conditional,4539,4539,1,1,2.0099832909181714e-10,22.0
116,7,hybrid_small,4539,3177,0,0,9.709918022155762,10.0
116,7,hybrid_medium,4539,4539,1,1,2.0099832909181714e-10,12.0
117,27,hybrid_medium,2488,2488,1,1,-3.733699127650425e-09,98.0
117,27,dls_policy,2488,10432,0,1,4.434567451477051,
117,27,dls_random,2488,116,0,1,0.3487259447574615,
117,27,left_conditional,2488,13,0,1,10.931421279907228,8.0
117,27,hybrid_small,2488,2488,1,1,-3.733699127650425e-09,96.0
118,4,hybrid_small,24228,10644,0,0,3.9167752265930176,16.0
118,4,dls_random,24228,9992,0,0,16.514020919799805,
118,4,dls_policy,24228,28214,0,0,16.3554744720459,
118,4,left_conditional,24228,338,0,0,14.205333709716797,16.0
118,4,hybrid_medium,24228,7004,0,0,1.2172504663467407,64.0
119,4,left_conditional,318,550,0,0,6.258395671844482,10.0
119,4,hybrid_small,318,837,0,1,3.563561201095581,6.0
119,4,hybrid_medium,318,468,0,1,6.216824531555176,26.0
119,4,dls_random,318,22940,0,0,5.3612060546875,
119,4,dls_policy,318,22940,0,0,5.3612060546875,
120,27,hybrid_small,2488,31,0,1,2.6912074089050293,56.0
120,27,dls_random,2488,270,0,0,6.647294044494629,
120,27,dls_policy,2488,3914,0,0,8.699911117553711,
120,27,left_conditional,2488,43826,0,0,8.564193725585938,0.0
120,27,hybrid_medium,2488,2488,1,1,9.289942681789398e-08,98.0
121,11,dls_random,286,35237,0,1,6.660846710205078,
121,11,hybrid_medium,286,11,0,1,7.855033874511719,66.0
121,11,hybrid_small,286,11,0,1,7.855033874511719,68.0
121,11,dls_policy,286,16293,0,1,6.362948417663574,
121,11,left_conditional,286,286,1,1,-7.48746060708072e-08,4.0
122,18,dls_policy,1969,21688,0,0,0.5114847421646118,
122,18,dls_random,1969,21688,0,0,0.5114847421646118,
122,18,hybrid_small,1969,5884,0,0,0.2093728482723236,42.0
122,18,hybrid_medium,1969,39871,0,1,0.6038790941238403,12.0
122,18,left_conditional,1969,1363,0,0,0.0372804999351501,10.0
123,28,dls_random,550,338,0,0,1.6558661460876465,
123,28,hybrid_small,550,42664,0,1,6.293930530548096,0.0
123,28,left_conditional,550,42664,0,0,6.293930530548096,0.0
123,28,dls_policy,550,5752,0,0,7.258389472961426,
123,28,hybrid_medium,550,42664,0,1,6.293930530548096,0.0
124,17,hybrid_small,262,262,1,1,3.0581759347114707e-10,100.0
124,17,dls_policy,262,26349,0,1,2.712835788726806,
124,17,dls_random,262,11346,0,1,7.952672958374023,
124,17,left_conditional,262,262,1,1,3.0581759347114707e-10,8.0
124,17,hybrid_medium,262,262,1,1,3.0581759347114707e-10,100.0
125,9,left_conditional,22230,22230,1,1,-9.313225746154785e-08,76.0
125,9,dls_policy,22230,1627,0,1,0.272267997264862,
125,9,dls_random,22230,6518,0,1,0.2510110735893249,
125,9,hybrid_small,22230,22230,1,1,-9.313225746154785e-08,62.0
125,9,hybrid_medium,22230,22230,1,1,-9.313225746154785e-08,88.0
126,15,dls_random,383,40247,0,1,10.886445999145508,
126,15,left_conditional,383,383,1,1,-4.5401975512504584e-08,18.0
126,15,dls_policy,383,37919,0,1,6.935315132141113,
126,15,hybrid_medium,383,383,1,1,-4.5401975512504584e-08,76.0
126,15,hybrid_small,383,770,0,1,1.4347039461135864,82.0
127,40,hybrid_small,287,287,1,1,2.9751754837548106e-08,56.0
127,40,hybrid_medium,287,287,1,1,2.9751754837548106e-08,72.0
127,40,dls_policy,287,9932,0,1,8.826045989990234,
127,40,left_conditional,287,13,0,1,12.61460304260254,94.0
127,40,dls_random,287,17494,0,1,6.30087947845459,
128,9,hybrid_medium,290,290,1,1,2.561137080192566e-09,68.0
128,9,hybrid_small,290,290,1,1,2.561137080192566e-09,74.0
128,9,dls_random,290,47043,0,1,10.192299842834473,
128,9,dls_policy,290,9029,0,1,9.81638240814209,
128,9,left_conditional,290,290,1,1,2.561137080192566e-09,10.0
129,11,hybrid_small,41498,1379,0,1,13.863354682922363,20.0
129,11,hybrid_medium,41498,41498,1,1,7.450676520193156e-09,86.0
129,11,dls_random,41498,16839,0,0,14.13938045501709,
129,11,left_conditional,41498,1791,0,0,11.599766731262209,0.0
129,11,dls_policy,41498,32840,0,0,12.43111515045166,
130,21,hybrid_small,318,389,0,1,0.2010870277881622,94.0
130,21,dls_random,318,5365,0,1,7.746282577514648,
130,21,dls_policy,318,5645,0,1,6.580460071563721,
130,21,hybrid_medium,318,389,0,1,0.2010870277881622,80.0
130,21,left_conditional,318,389,0,1,0.2010870277881622,62.0
131,36,hybrid_small,423,423,1,1,2.9805129031501565e-08,98.0
131,36,dls_policy,423,5000,0,1,12.01365852355957,
131,36,dls_random,423,5162,0,1,7.588991641998291,
131,36,left_conditional,423,423,1,1,2.9805129031501565e-08,12.0
131,36,hybrid_medium,423,423,1,1,2.9805129031501565e-08,100.0
132,32,hybrid_small,509,768,0,0,18.024751663208008,10.0
132,32,dls_policy,509,34944,0,0,16.101791381835938,
132,32,hybrid_medium,509,768,0,0,18.024751663208008,8.0
132,32,dls_random,509,34944,0,0,16.101791381835938,
132,32,left_conditional,509,768,0,0,18.024751663208008,28.0
133,10,hybrid_medium,14747,45618,0,1,0.100574254989624,78.0
133,10,dls_policy,14747,7412,0,0,8.000834465026855,
133,10,dls_random,14747,40263,0,0,7.301006317138672,
133,10,hybrid_small,14747,45618,0,0,0.100574254989624,48.0
133,10,left_conditional,14747,28114,0,0,8.157659530639648,0.0
134,1,left_conditional,10304,3287,0,0,1.5790183544158936,4.0
134,1,hybrid_medium,10304,5620,0,0,3.526139736175537,10.0
134,1,hybrid_small,10304,4502,0,0,1.5127463340759275,8.0
134,1,dls_random,10304,837,0,0,7.387913227081299,
134,1,dls_policy,10304,10854,0,0,2.312882423400879,
135,2,hybrid_medium,642,340,0,0,4.763830661773682,4.0
135,2,left_conditional,642,550,0,0,10.842913627624512,6.0
135,2,dls_random,642,16505,0,0,3.826509952545166,
135,2,dls_policy,642,18780,0,0,3.1370415687561035,
135,2,hybrid_small,642,340,0,0,4.763830661773682,10.0
136,33,left_conditional,705,6081,0,0,10.208666801452637,18.0
136,33,hybrid_medium,705,16783,0,0,10.219236373901367,14.0
136,33,dls_policy,705,20896,0,0,8.5050687789917,
136,33,dls_random,705,11994,0,0,9.216465950012209,
136,33,hybrid_small,705,16783,0,0,10.219236373901367,16.0
137,3,dls_random,373,34965,0,1,5.699470043182373,
137,3,dls_policy,373,1890,0,1,7.170026779174805,
137,3,hybrid_small,373,318,0,0,0.5658779144287109,10.0
137,3,hybrid_medium,373,373,1,1,5.159790816833265e-08,8.0
137,3,left_conditional,373,373,1,1,5.159790816833265e-08,50.0
138,8,left_conditional,416,284,0,0,1.0052883625030518,46.0
138,8,dls_random,416,412,0,0,5.795373916625977,
138,8,dls_policy,416,17501,0,0,8.215848922729492,
138,8,hybrid_small,416,351,0,0,1.0391777753829956,32.0
138,8,hybrid_medium,416,284,0,1,1.0052883625030518,14.0
139,14,hybrid_medium,373,1568,0,1,3.384582996368408,84.0
139,14,dls_random,373,30676,0,1,15.247968673706056,
139,14,dls_policy,373,1255,0,1,6.614855766296387,
139,14,hybrid_small,373,373,1,1,1.6763806343078613e-08,94.0
139,14,left_conditional,373,373,1,1,1.6763806343078613e-08,18.0
140,20,dls_policy,30685,35057,0,0,0.2309693694114685,
140,20,left_conditional,30685,636,0,0,6.0756683349609375,20.0
140,20,hybrid_medium,30685,12229,0,0,3.2127556800842285,22.0
140,20,hybrid_small,30685,636,0,0,6.0756683349609375,36.0
140,20,dls_random,30685,35057,0,0,0.2309693694114685,
141,29,left_conditional,837,26517,0,1,3.53481674194336,0.0
141,29,dls_policy,837,1022,0,1,9.12074089050293,
141,29,hybrid_small,837,837,1,1,-1.3247809516059306e-09,74.0
141,29,hybrid_medium,837,11,0,1,0.1264273673295974,98.0
141,29,dls_random,837,1022,0,1,9.12074089050293,
142,34,dls_random,1593,22444,0,1,1.5853906869888306,
142,34,hybrid_small,1593,9208,0,0,0.3259653747081756,22.0
142,34,dls_policy,1593,2678,0,1,6.063535213470459,
142,34,left_conditional,1593,3665,0,1,1.9805691242218015,22.0
142,34,hybrid_medium,1593,8361,0,0,1.8714053630828855,22.0
143,24,hybrid_medium,326,262,0,1,4.595124244689941,100.0
143,24,dls_random,326,36056,0,0,6.06641960144043,
143,24,dls_policy,326,43811,0,0,7.807210445404053,
143,24,left_conditional,326,262,0,0,4.595124244689941,100.0
143,24,hybrid_small,326,262,0,1,4.595124244689941,98.0
144,16,hybrid_medium,3104,4304,0,0,0.0024264478124678,14.0
144,16,left_conditional,3104,3720,0,0,0.0024297030176967,76.0
144,16,dls_policy,3104,40,0,0,0.0967957377433776,
144,16,hybrid_small,3104,3132,0,0,0.0035657547414302,14.0
144,16,dls_random,3104,5066,0,0,0.000962835852988,
145,12,dls_random,257,7835,0,1,9.163132667541504,
145,12,dls_policy,257,42697,0,1,11.493504524230955,
145,12,left_conditional,257,257,1,1,3.8178981753844716e-08,22.0
145,12,hybrid_small,257,257,1,1,3.8178981753844716e-08,58.0
145,12,hybrid_medium,257,257,1,1,3.8178981753844716e-08,60.0
146,24,hybrid_small,1793,9874,0,0,4.793166637420654,6.0
146,24,hybrid_medium,1793,5822,0,0,0.0011996505782008,6.0
146,24,left_conditional,1793,10851,0,1,0.0030698042828589,64.0
146,24,dls_random,1793,1395,0,1,5.956188201904297,
146,24,dls_policy,1793,1395,0,1,5.956188201904297,
147,2,left_conditional,6607,354,0,0,3.499032974243164,22.0
147,2,dls_random,6607,27301,0,0,6.985698223114014,
147,2,hybrid_small,6607,354,0,1,3.499032974243164,50.0
147,2,hybrid_medium,6607,354,0,1,3.499032974243164,68.0
147,2,dls_policy,6607,2244,0,0,10.56288242340088,
148,17,hybrid_medium,9985,9985,1,1,7.450580596923828e-09,64.0
148,17,dls_random,9985,37575,0,1,1.3733505010604858,
148,17,dls_policy,9985,44911,0,1,0.0213059857487678,
148,17,hybrid_small,9985,9985,1,1,7.450580596923828e-09,36.0
148,17,left_conditional,9985,9985,1,1,7.450580596923828e-09,94.0
149,8,left_conditional,290,327,0,1,6.217559814453125,12.0
149,8,hybrid_small,290,5633,0,0,6.298939228057861,38.0
149,8,dls_policy,290,1908,0,1,6.871600151062012,
149,8,dls_random,290,4043,0,1,7.087457656860352,
149,8,hybrid_medium,290,1566,0,1,5.184904098510742,16.0
150,3,left_conditional,1071,1071,1,1,1.3969838619232178e-08,22.0
150,3,dls_random,1071,34037,0,1,12.31697940826416,
150,3,hybrid_small,1071,1071,1,1,1.3969838619232178e-08,64.0
150,3,dls_policy,1071,34037,0,1,12.31697940826416,
150,3,hybrid_medium,1071,1071,1,1,1.3969838619232178e-08,76.0
151,36,dls_policy,837,28045,0,0,10.00783920288086,
151,36,dls_random,837,28045,0,0,10.00783920288086,
151,36,hybrid_medium,837,5729,0,1,6.012129783630371,24.0
151,36,hybrid_small,837,5729,0,1,6.012129783630371,34.0
151,36,left_conditional,837,1058,0,0,6.378448486328125,36.0
152,3,left_conditional,705,5230,0,0,15.73038101196289,62.0
152,3,dls_policy,705,24434,0,0,14.23974323272705,
152,3,dls_random,705,24434,0,0,14.23974323272705,
152,3,hybrid_small,705,4960,0,0,15.10209846496582,10.0
152,3,hybrid_medium,705,3052,0,1,14.847705841064451,24.0
153,5,dls_policy,3841,7591,0,0,3.6687026023864746,
153,5,hybrid_medium,3841,4022,0,0,3.597407817840576,14.0
153,5,dls_random,3841,7591,0,0,3.6687026023864746,
153,5,hybrid_small,3841,4022,0,0,3.597407817840576,18.0
153,5,left_conditional,3841,3822,0,0,1.9382963180541992,20.0
154,9,left_conditional,286,351,0,1,5.979325294494629,6.0
154,9,hybrid_small,286,2524,0,1,6.253213405609131,10.0
154,9,dls_random,286,39019,0,1,2.01238226890564,
154,9,dls_policy,286,26671,0,1,8.571996688842773,
154,9,hybrid_medium,286,15941,0,1,13.219682693481444,40.0
155,1,dls_policy,262,11918,0,0,11.500204086303713,
155,1,left_conditional,262,257,0,0,4.154843807220459,14.0
155,1,hybrid_small,262,262,1,1,-3.725302377688422e-08,100.0
155,1,dls_random,262,21129,0,0,11.709766387939451,
155,1,hybrid_medium,262,262,1,1,-3.725302377688422e-08,100.0
156,20,dls_random,1918,27494,0,0,0.007972490042448,
156,20,dls_policy,1918,27494,0,0,0.007972490042448,
156,20,left_conditional,1918,10955,0,0,0.0038496223278343,32.0
156,20,hybrid_small,1918,4028,0,1,0.0170112550258636,18.0
156,20,hybrid_medium,1918,6224,0,1,0.0061614913865923,34.0
157,6,left_conditional,262,616,0,0,3.987684488296509,6.0
157,6,dls_random,262,20468,0,0,12.233898162841797,
157,6,dls_policy,262,21056,0,0,9.011924743652344,
157,6,hybrid_small,262,262,1,1,1.0946621387120103e-09,82.0
157,6,hybrid_medium,262,262,1,1,1.0946621387120103e-09,78.0
158,8,left_conditional,796,2625,0,0,7.795643329620361,40.0
158,8,hybrid_medium,796,796,1,1,5.471520125865936e-09,54.0
158,8,dls_policy,796,43280,0,0,7.083869934082031,
158,8,hybrid_small,796,796,1,1,5.471520125865936e-09,54.0
158,8,dls_random,796,10249,0,0,5.863839149475098,
159,7,hybrid_small,4473,1285,0,0,0.2986849546432495,2.0
159,7,dls_random,4473,17781,0,0,0.1628888547420501,
159,7,dls_policy,4473,17781,0,0,0.1628888547420501,
159,7,hybrid_medium,4473,796,0,0,10.23307991027832,10.0
159,7,left_conditional,4473,43928,0,0,0.6469201445579529,10.0
160,8,left_conditional,796,796,1,1,2.6891484594671056e-08,20.0
160,8,dls_random,796,4275,0,1,4.393927574157715,
160,8,hybrid_small,796,796,1,1,2.6891484594671056e-08,56.0
160,8,dls_policy,796,48139,0,1,9.282037734985352,
160,8,hybrid_medium,796,796,1,1,2.6891484594671056e-08,22.0
161,3,hybrid_medium,3596,1110,0,1,2.0718514919281006,20.0
161,3,hybrid_small,3596,796,0,0,14.736092567443848,50.0
161,3,dls_policy,3596,3467,0,0,9.287221908569336,
161,3,dls_random,3596,15934,0,0,10.278752326965332,
161,3,left_conditional,3596,796,0,0,14.736092567443848,30.0
162,1,dls_policy,796,1255,0,0,4.958504676818848,
162,1,dls_random,796,34704,0,0,8.849688529968262,
162,1,hybrid_small,796,28,0,1,6.716436862945557,30.0
162,1,left_conditional,796,268,0,0,9.258546829223633,14.0
162,1,hybrid_medium,796,28,0,1,6.716436862945557,6.0
163,9,hybrid_small,15593,11375,0,0,0.18299600481987,16.0
163,9,left_conditional,15593,11375,0,1,0.18299600481987,74.0
163,9,dls_policy,15593,5899,0,1,8.132868766784668,
163,9,hybrid_medium,15593,1339,0,1,0.5869187712669373,8.0
163,9,dls_random,15593,465,0,1,9.694570541381836,
164,16,left_conditional,31526,2184,0,0,13.450321197509766,50.0
164,16,hybrid_medium,31526,3334,0,0,1.7522401809692385,22.0
164,16,dls_random,31526,12477,0,0,5.829614639282227,
164,16,dls_policy,31526,20390,0,0,5.270049095153809,
164,16,hybrid_small,31526,3334,0,0,1.7522401809692385,18.0
165,39,hybrid_small,5323,11,0,0,9.104247093200684,62.0
165,39,dls_policy,5323,25615,0,0,0.656493604183197,
165,39,dls_random,5323,4811,0,0,4.17163610458374,
165,39,hybrid_medium,5323,1510,0,0,0.4587508141994476,8.0
165,39,left_conditional,5323,1510,0,0,0.4587508141994476,32.0
166,7,dls_policy,19196,6625,0,0,0.0181022249162197,
166,7,left_conditional,19196,9185,0,0,0.9728443622589112,24.0
166,7,dls_random,19196,38457,0,0,0.0086871534585952,
166,7,hybrid_small,19196,18485,0,0,2.7514662742614746,56.0
166,7,hybrid_medium,19196,3952,0,0,0.0247488282620906,26.0
167,3,dls_random,297,29259,0,0,12.19869613647461,
167,3,left_conditional,297,67,0,0,3.97148871421814,42.0
167,3,dls_policy,297,36046,0,0,13.195438385009766,
167,3,hybrid_medium,297,297,1,1,3.7228392812949096e-08,82.0
167,3,hybrid_small,297,297,1,1,3.7228392812949096e-08,30.0
168,3,left_conditional,3596,3596,1,0,1.0011717677116394e-08,2.0
168,3,dls_policy,3596,22386,0,0,8.505640029907227,
168,3,dls_random,3596,18527,0,0,6.1057538986206055,
168,3,hybrid_medium,3596,17376,0,1,6.701963424682617,16.0
168,3,hybrid_small,3596,3596,1,1,1.0011717677116394e-08,28.0
169,10,dls_policy,337,23171,0,0,15.415569305419922,
169,10,hybrid_medium,337,573,0,0,11.411602020263672,2.0
169,10,dls_random,337,4496,0,0,9.563471794128418,
169,10,left_conditional,337,19489,0,0,8.455365180969238,0.0
169,10,hybrid_small,337,573,0,0,11.411602020263672,2.0
170,7,dls_policy,1875,16972,0,1,7.850414752960205,
170,7,dls_random,1875,3061,0,1,8.345324516296387,
170,7,hybrid_small,1875,1875,1,1,2.6126372176804583e-08,46.0
170,7,hybrid_medium,1875,1875,1,1,2.6126372176804583e-08,40.0
170,7,left_conditional,1875,1875,1,1,2.6126372176804583e-08,100.0
171,24,hybrid_medium,14729,15274,0,1,0.0006183824734762,14.0
171,24,dls_policy,14729,23787,0,0,0.1101966053247451,
171,24,hybrid_small,14729,14729,1,1,-2.9016518965363506e-08,74.0
171,24,left_conditional,14729,4274,0,0,7.472749710083008,14.0
171,24,dls_random,14729,20784,0,0,1.0961880683898926,
172,8,hybrid_small,2237,1811,0,0,0.6543918251991272,32.0
172,8,dls_random,2237,10013,0,0,3.5079457759857178,
172,8,dls_policy,2237,734,0,0,2.665201187133789,
172,8,left_conditional,2237,1811,0,0,0.6543918251991272,42.0
172,8,hybrid_medium,2237,1811,0,1,0.6543918251991272,8.0
173,7,hybrid_small,10580,1923,0,0,5.34456729888916,4.0
173,7,hybrid_medium,10580,1923,0,0,5.34456729888916,10.0
173,7,dls_random,10580,42149,0,0,6.739175796508789,
173,7,dls_policy,10580,42149,0,0,6.739175796508789,
173,7,left_conditional,10580,38797,0,0,12.299047470092772,0.0
174,3,dls_policy,318,3616,0,1,6.802324295043945,
174,3,dls_random,318,44595,0,1,14.193073272705078,
174,3,left_conditional,318,318,1,1,-2.9802322387695312e-08,10.0
174,3,hybrid_small,318,318,1,1,-2.9802322387695312e-08,58.0
174,3,hybrid_medium,318,318,1,1,-2.9802322387695312e-08,58.0
175,3,left_conditional,262,262,1,1,2.5520421331748366e-09,58.0
175,3,hybrid_medium,262,262,1,1,2.5520421331748366e-09,100.0
175,3,dls_policy,262,3744,0,1,6.903750419616699,
175,3,dls_random,262,3744,0,1,6.903750419616699,
175,3,hybrid_small,262,262,1,1,2.5520421331748366e-09,98.0
176,3,hybrid_small,3517,3517,1,1,-3.257815706092515e-08,10.0
176,3,left_conditional,3517,796,0,0,20.698808670043945,98.0
176,3,dls_random,3517,42384,0,0,12.20823860168457,
176,3,hybrid_medium,3517,3517,1,1,-3.257815706092515e-08,10.0
176,3,dls_policy,3517,18919,0,0,16.76496124267578,
177,10,left_conditional,796,13,0,0,5.658567905426025,38.0
177,10,hybrid_medium,796,13,0,1,5.658567905426025,12.0
177,10,hybrid_small,796,796,1,1,-2.452600256219739e-08,30.0
177,10,dls_policy,796,20133,0,0,7.625742435455322,
177,10,dls_random,796,20133,0,0,7.625742435455322,
178,1,dls_policy,796,44449,0,0,10.437400817871094,
178,1,hybrid_medium,796,784,0,1,8.851081848144531,16.0
178,1,hybrid_small,796,784,0,1,8.851081848144531,42.0
178,1,left_conditional,796,544,0,0,9.11488151550293,6.0
178,1,dls_random,796,34906,0,0,10.197827339172363,
179,11,hybrid_medium,796,796,1,1,1.2398231774568558e-08,96.0
179,11,dls_random,796,27865,0,1,1.416913628578186,
179,11,dls_policy,796,23964,0,1,1.6277580261230469,
179,11,hybrid_small,796,796,1,1,1.2398231774568558e-08,68.0
179,11,left_conditional,796,796,1,1,1.2398231774568558e-08,100.0
180,1,dls_policy,796,46170,0,0,6.40897274017334,
180,1,left_conditional,796,273,0,0,6.460731983184815,24.0
180,1,hybrid_medium,796,796,1,1,-3.096647560596466e-08,16.0
180,1,dls_random,796,2429,0,0,10.004076957702637,
180,1,hybrid_small,796,796,1,1,-3.096647560596466e-08,74.0
181,1,dls_policy,796,47467,0,0,8.525190353393555,
181,1,hybrid_small,796,796,1,1,-3.096647560596466e-08,80.0
181,1,left_conditional,796,290,0,0,8.681708335876465,8.0
181,1,dls_random,796,47467,0,0,8.525190353393555,
181,1,hybrid_medium,796,796,1,1,-3.096647560596466e-08,46.0
182,4,hybrid_medium,263,263,1,1,-8.331170420206035e-09,92.0
182,4,dls_random,263,15179,0,0,5.363678932189941,
182,4,hybrid_small,263,263,1,1,-8.331170420206035e-09,22.0
182,4,dls_policy,263,7698,0,0,4.43005895614624,
182,4,left_conditional,263,286,0,0,8.098488807678223,72.0
183,7,hybrid_medium,837,287,0,0,3.95157790184021,10.0
183,7,dls_policy,837,1275,0,0,7.459423065185547,
183,7,dls_random,837,1275,0,0,7.459423065185547,
183,7,left_conditional,837,1956,0,0,4.6461029052734375,8.0
183,7,hybrid_small,837,1201,0,0,5.334676265716553,20.0
184,7,dls_random,784,2162,0,0,4.980659008026123,
184,7,hybrid_medium,784,13,0,1,11.648780822753906,26.0
184,7,hybrid_small,784,532,0,1,0.0175198260694742,50.0
184,7,dls_policy,784,41436,0,0,12.956853866577148,
184,7,left_conditional,784,764,0,0,8.58555793762207,32.0
185,10,hybrid_small,796,796,1,1,-1.234002411365509e-08,8.0
185,10,left_conditional,796,796,1,1,-1.234002411365509e-08,100.0
185,10,dls_random,796,6626,0,1,2.433907985687256,
185,10,hybrid_medium,796,796,1,1,-1.234002411365509e-08,94.0
185,10,dls_policy,796,32983,0,1,2.6912801265716557,
186,3,hybrid_medium,3394,1605,0,0,7.463768482208252,56.0
186,3,hybrid_small,3394,837,0,0,9.32597827911377,14.0
186,3,left_conditional,3394,930,0,0,13.12929630279541,72.0
186,3,dls_policy,3394,14814,0,0,11.629406929016112,
186,3,dls_random,3394,20956,0,0,7.861204147338867,
187,7,hybrid_medium,27653,2310,0,0,3.704540014266968,14.0
187,7,dls_random,27653,42635,0,1,4.458921909332275,
187,7,dls_policy,27653,42635,0,1,4.458921909332275,
187,7,left_conditional,27653,27653,1,1,-4.67989593744278e-08,18.0
187,7,hybrid_small,27653,28017,0,0,0.1525831520557403,10.0
188,6,dls_random,24414,28262,0,1,1.7375603914260864,
188,6,hybrid_medium,24414,24414,1,0,1.4879901755193714e-08,12.0
188,6,hybrid_small,24414,24414,1,0,1.4879901755193714e-08,16.0
188,6,dls_policy,24414,9564,0,1,5.121512413024902,
188,6,left_conditional,24414,36094,0,1,0.0585221499204635,16.0
189,9,dls_random,796,4916,0,1,2.539461612701416,
189,9,dls_policy,796,4916,0,1,2.539461612701416,
189,9,left_conditional,796,796,1,1,-4.656612873077393e-10,100.0
189,9,hybrid_medium,796,796,1,1,-4.656612873077393e-10,76.0
189,9,hybrid_small,796,796,1,1,-4.656612873077393e-10,22.0
190,10,hybrid_small,31,26,0,0,2.4384407997131348,16.0
190,10,dls_policy,31,22889,0,1,3.948439836502075,
190,10,hybrid_medium,31,1103,0,0,7.388385772705078,14.0
190,10,left_conditional,31,12352,0,1,2.3919219970703125,26.0
190,10,dls_random,31,7370,0,1,2.6932597160339355,
191,8,dls_random,22717,1285,0,0,2.626276016235352,
191,8,dls_policy,22717,45407,0,0,4.804472923278809,
191,8,left_conditional,22717,317,0,0,0.7522047162055969,16.0
191,8,hybrid_small,22717,352,0,1,2.222097158432007,2.0
191,8,hybrid_medium,22717,41,0,0,2.832664251327514,10.0
192,6,left_conditional,11445,21709,0,1,2.0241174697875977,52.0
192,6,dls_policy,11445,25859,0,1,1.9351246356964111,
192,6,dls_random,11445,8069,0,1,1.0762466192245483,
192,6,hybrid_small,11445,6337,0,0,4.298159122467041,24.0
192,6,hybrid_medium,11445,6298,0,0,4.96737813949585,22.0
193,6,dls_random,837,21244,0,0,4.265315055847168,
193,6,hybrid_medium,837,8549,0,0,5.428974628448486,14.0
193,6,hybrid_small,837,286,0,1,3.2599964141845703,32.0
193,6,left_conditional,837,8549,0,0,5.428974628448486,28.0
193,6,dls_policy,837,7257,0,0,7.114309787750244,
194,1,hybrid_small,796,796,1,1,-3.096647560596466e-08,78.0
194,1,left_conditional,796,1462,0,0,8.969609260559082,20.0
194,1,dls_random,796,47023,0,0,7.271719932556152,
194,1,hybrid_medium,796,796,1,1,-3.096647560596466e-08,44.0
194,1,dls_policy,796,1648,0,0,11.189502716064451,
195,11,hybrid_small,837,24217,0,0,3.925403594970703,4.0
195,11,left_conditional,837,26905,0,0,1.8562541007995603,38.0
195,11,dls_random,837,360,0,0,6.817625999450684,
195,11,dls_policy,837,20389,0,0,2.528671741485596,
195,11,hybrid_medium,837,5016,0,0,5.133326530456543,18.0
196,5,hybrid_medium,837,25,0,0,1.942736387252808,12.0
196,5,dls_random,837,3858,0,0,6.803037643432617,
196,5,hybrid_small,837,784,0,0,1.4989688396453855,10.0
196,5,dls_policy,837,15264,0,0,4.55372428894043,
196,5,left_conditional,837,11,0,0,1.0070865154266355,18.0
197,6,dls_random,6638,28,0,0,8.106780052185059,
197,6,dls_policy,6638,28,0,0,8.106780052185059,
197,6,hybrid_medium,6638,14499,0,0,6.444403171539307,16.0
197,6,hybrid_small,6638,6085,0,0,6.003073692321777,22.0
197,6,left_conditional,6638,11950,0,0,10.987249374389648,42.0
198,13,hybrid_small,796,796,1,1,2.5145709514617923e-08,34.0
198,13,dls_random,796,9552,0,1,1.59926438331604,
198,13,left_conditional,796,796,1,1,2.5145709514617923e-08,98.0
198,13,hybrid_medium,796,796,1,1,2.5145709514617923e-08,46.0
198,13,dls_policy,796,17000,0,1,2.994371175765991,
199,10,dls_policy,6303,6375,0,0,6.003917694091797,
199,10,left_conditional,6303,7261,0,0,2.779693126678467,8.0
199,10,dls_random,6303,267,0,0,3.954976558685303,
199,10,hybrid_small,6303,6,0,0,7.801406860351562,4.0
199,10,hybrid_medium,6303,6,0,0,7.801406860351562,6.0
